name,key,mapped_region_id,district,address,lat,lng
(주)소노호텔앤리조트 천안,소노호텔앤리조트 천안,chungnam,천안시,충남 천안시 동남구 성남면 소노로 1,,
(주)에버랜드,에버랜드,gyeonggi,용인시,경기도 용인시 처인구 포곡읍 에버랜드로 199,,
BL_nk,BL_nk,seoul,강서구,서울 강서구 마곡중앙6로 11,,
CJ 아지트 광흥창,CJ 아지트 광흥창,seoul,마포구,서울 마포구 창전로 14,,
▶만남의 장소 : 국립과천과학관 內 로비(자세한 안내는 수업전 담당 강사님이 안내드립니다.),국립과천과학관,gyeonggi,과천시,경기도 과천시 상하벌로 110,,
▶만남의 장소 : 국립중앙박물관 內 로비(자세한 안내는 수업전 담당 강사님이 안내드립니다.),국립중앙박물관,seoul,용산구,서울특별시 용산구 서빙고로 137,,
▶만남의 장소 : 국립중앙박물관 상설전시관  內 1층 으뜸홀(자세한 안내는 수업전 담당 강사님이 안내드립니다.),국립중앙박물관,seoul,용산구,서울특별시 용산구 서빙고로 137,,
▶만남의 장소 : 서대문형무소역사관 입구 앞 (자세한 안내는 수업전 담당 강사님이 안내드립니다.),서대문형무소역사관,seoul,서대문구,서울 서대문구 통일로 251,,
▶만남의 장소 : 수원화성박물관 內 로비(자세한 안내는 수업전 담당 강사님이 안내드립니다.),수원화성박물관,gyeonggi,수원시,경기도 수원시 팔달구 창룡대로 21,,
"★오전과 오후 만나는 장소가 다르니 반드시 안내사항을 확인하시기 바랍니다.★

오전(09~12시):석굴암(일주문 옆 세계유산 표지석)
오후(13~16시):불국사 정문(세계유산 표지석)",석굴암,,경주시,경상북도 경주시 석굴로 238,,
㈜볼베어파크 천안점,볼베어파크 천안점,chungnam,천안시,충남 천안시 동남구 옛시청길 29,,
감리교신학대학교 내 웨슬리채플관,감리교신학대학교,seoul,서대문구,서울특별시 서대문구 독립문로 56,,
강릉아트센터 사임당홀,강릉아트센터,gangwon,강릉시,강원특별자치도 강릉시 종합운동장길 84,,
강원 강릉시 난설헌로 131,강원 강릉시 난설헌로 131,gangwon,강릉시,강원 강릉시 난설헌로 131,,
강원 영월군 주천면 송학주천로 1467-9 영월 젊은달와이파크,영월 젊은달와이파크,gangwon,영월군,강원 영월군 주천면 송학주천로 1467-9,,
강원도 속초시 신흥2길 16,강원도 속초시 신흥2길 16,gangwon,속초시,강원도 속초시 신흥2길 16,,
강원도 속초시 학사평2길 16,강원도 속초시 학사평2길 16,gangwon,속초시,강원도 속초시 학사평2길 16,,
강원도 춘천시 서면 덕두원리 251-4 살롱드노마드 춘천,살롱드노마드 춘천,gangwon,춘천시,강원도 춘천시 서면 덕두원리 251-4,,
강원도 홍천군 홍천읍 생명과학관길 78,강원도 홍천군 홍천읍 생명과학관길 78,gangwon,홍천군,강원도 홍천군 홍천읍 생명과학관길 78,,
강원특별자치도 고성군 현내면 화진포길 412 화진포해양박물관,화진포해양박물관,gangwon,고성군,강원특별자치도 고성군 현내면 화진포길 412,,
강원특별자치도 속초시 원암학사평길 88,강원특별자치도 속초시 원암학사평길 88,gangwon,속초시,강원특별자치도 속초시 원암학사평길 88,,
강원특별자치도 영월군,강원특별자치도 영월군,gangwon,영월군,강원특별자치도 영월군,,
"강원특별자치도 원주시 능라동길 51, 206,207호 오늘을 그리다",오늘을 그리다,gangwon,원주시,강원특별자치도 원주시 능라동길 51,,
강원특별자치도 원주시 한지공원길 151,강원특별자치도 원주시 한지공원길 151,gangwon,원주시,강원특별자치도 원주시 한지공원길 151,,
강원특별자치도 춘천시 사농동 643 강원도산림박물관,강원도산림박물관,gangwon,춘천시,강원특별자치도 춘천시 사농동 643,,
강원특별자치도 춘천시 신북읍 신샘밭로 361 강원경찰박물관 강원경찰박물관,강원경찰박물관,gangwon,춘천시,강원특별자치도 춘천시 신북읍 신샘밭로 361,,
강원특별자치도 태백시,강원특별자치도 태백시,gangwon,태백시,강원특별자치도 태백시,,
강원특별자치도 평창군,강원특별자치도 평창군,gangwon,평창군,강원특별자치도 평창군,,
강원특별자치도 홍천군 북방면 생태공원길 319 강원특별자치도자연환경연구공원,강원특별자치도자연환경연구공원,gangwon,홍천군,강원특별자치도 홍천군 북방면 생태공원길 319,,
강원특별자치도 화천군,강원특별자치도 화천군,gangwon,화천군,강원특별자치도 화천군,,
강원특별자치도 화천군 화천읍 일원,강원특별자치도 화천군 화천읍 일원,gangwon,화천군,강원특별자치도 화천군 화천읍,,
강원특별자치도 횡성군 횡성읍 문예로 41 횡성한우체험관,횡성한우체험관,gangwon,횡성군,강원특별자치도 횡성군 횡성읍 문예로 41,,
경기 가평군 설악면 창의리 421-1 경기 가평군 설악면 한서로124번길 16-14 2층,경기 가평군 설악면 창의리 421-1,gyeonggi,가평군,경기 가평군 설악면 창의리 421-1,,
경기 광명시 광명동 도덕로38번길 5-1 목화하이츠빌라 101호,경기 광명시 광명동 도덕로38번길 5-1 목화하이츠빌라 101호,gyeonggi,광명시,경기 광명시 광명동 도덕로38번길 5-1,,
"경기 광명시 일직동 194-1 광명시 신기로 15, S플라자 502호","경기 광명시 일직동 194-1 광명시 신기로 15, S플라자 502호",gyeonggi,광명시,경기 광명시 일직동 194-1 광명시 신기로 15,,
경기 광명시 하안동 범안로 1056 골든힐빌딩 2층 204,경기 광명시 하안동 범안로 1056 골든힐빌딩 2층 204,gyeonggi,광명시,경기 광명시 하안동 범안로 1056,,
경기 광주시 경안동 38-79 금호리첸시아상가 C동 2층 215-1 도도앤로로 가죽공방,도도앤로로 가죽공방,gyeonggi,광주시,경기 광주시 경안동 38-79,,
경기 광주시 경안동 경안로41번길 6 102동 1층 상가 1층 d120호,경기 광주시 경안동 경안로41번길 6 102동 1층 상가 1층 d120호,gyeonggi,광주시,경기 광주시 경안동 경안로41번길 6,,
경기 광주시 경안동 경안로41번길 6 금호 리첸시아 상가 1층 d120호,경기 광주시 경안동 경안로41번길 6 102동 1층 상가 1층 d120호,gyeonggi,광주시,경기 광주시 경안동 경안로41번길 6,,
경기 광주시 경안동 경안로41번길 6 상가 1층 d120호,경기 광주시 경안동 경안로41번길 6 102동 1층 상가 1층 d120호,gyeonggi,광주시,경기 광주시 경안동 경안로41번길 6,,
경기 광주시 오포읍 능평로 194-14 1층 도아공방,도아공방,gyeonggi,광주시,경기 광주시 오포읍 능평로 194-14,,
경기 광주시 오포읍 신현리 570-1 해오름타운 103동 102호 피터아트글래스,피터아트글래스,gyeonggi,광주시,경기 광주시 오포읍 신현리 570-1,,
경기 광주시 오포읍 오포로171번길 42  파라테온 1층 루프프로젝트,루프프로젝트,gyeonggi,광주시,경기 광주시 오포읍 오포로171번길 42,,
경기 광주시 초월읍 경충대로 1081-20 상가 2층 2호,경기 광주시 초월읍 경충대로 1081-20 상가 2층 2호,gyeonggi,광주시,경기 광주시 초월읍 경충대로 1081-20,,
경기 구리시 갈매동 경춘북로 252 에비뉴상가  C동 254호 멍캔두잇,멍캔두잇,gyeonggi,구리시,경기 구리시 갈매동 경춘북로 252,,
경기 구리시 수택3동 이문안로 138 5층,경기 구리시 수택3동 이문안로 138 5층,gyeonggi,구리시,경기 구리시 수택3동 이문안로 138,,
경기 김포시 구래동 531 인원모아주실 경우 타 지역에서 수업가능,경기 김포시 구래동 531,gyeonggi,김포시,경기 김포시 구래동 531,,
경기 김포시 구래동 솔터로 22 메트로타워예미지 상가동 263호 휴먼앤펫,휴먼앤펫,gyeonggi,김포시,경기 김포시 구래동 솔터로 22,,
경기 김포시 구래동 솔터로22 메트로타워 예미지상가 216호,휴먼앤펫,gyeonggi,김포시,경기 김포시 구래동 솔터로 22,,
경기 김포시 마산동 김포한강8로 194번길 8-19 102호 멍스까까,멍스까까,gyeonggi,김포시,경기 김포시 마산동 김포한강8로 194번길 8-19,,
경기 김포시 양촌읍 구래리 525-4 경기도 김포시 솔터로22 예미지 상가 232호,경기도 김포시 솔터로22 예미지 상가 232호,gyeonggi,김포시,경기도 김포시 솔터로22,,
경기 남양주시 호평동 두산알프하임정문 상가B동 228호,경기 남양주시 호평동 두산알프하임정문 상가B동 228호,gyeonggi,남양주시,경기 남양주시 호평동 두산알프하임,,
경기 부천시 평천로 655 부천로보파크,부천로보파크,gyeonggi,부천시,경기 부천시 평천로 655,,
경기 안성시 가사동 28-5 (주)바오밥목공전문학원,바오밥목공전문학원,gyeonggi,안성시,경기 안성시 가사동 28-5,,
경기 안성시 안성1동 18-2 (주)바오밥목공전문학원,바오밥목공전문학원,gyeonggi,안성시,경기 안성시 안성1동 18-2,,
경기 양주시 고암동 604-10 103호 단단쿠킹스튜디오,단단쿠킹스튜디오,gyeonggi,양주시,경기 양주시 고암동 604-10,,
경기 오산시 원동 754-41 오산대동다숲 상가2층 뚜비즈,뚜비즈,gyeonggi,오산시,경기 오산시 원동 754-41,,
경기 파주시 금촌2동 989-1 금촌프라자 7층,경기 파주시 금촌2동 989-1 금촌프라자 7층,gyeonggi,파주시,경기 파주시 금촌2동 989-1,,
경기 파주시 탄현면 헤이리로 30,경기 파주시 탄현면 헤이리로 30,gyeonggi,파주시,경기 파주시 탄현면 헤이리로 30,,
"경기 평택시 비전동 비전6길 33-1 102호, 파이토블라썸 향수&캔들 공방",파이토블라썸 향수&캔들 공방,gyeonggi,평택시,경기 평택시 비전동 비전6길 33-1,,
경기 평택시 신장동 목천로 42 루미그림카페,루미그림카페,gyeonggi,평택시,경기 평택시 신장동 목천로 42,,
경기 화성시 동탄1동 동탄대로 551-16  동탄역푸르지오시티 b동 상가 327호,경기 화성시 동탄1동 동탄대로 551-16,gyeonggi,화성시,경기 화성시 동탄1동 동탄대로 551-16,,
경기 화성시 동탄면 산척리 546 1층 건물 내부,경기 화성시 동탄면 산척리 546 1층 건물 내부,gyeonggi,화성시,경기 화성시 동탄면 산척리 546,,
경기 화성시 동탄면 영천리 252 B동 2037호,경기 화성시 동탄면 영천리 252 B동 2037호,gyeonggi,화성시,경기 화성시 동탄면 영천리 252,,
경기 화성시 동탄면 영천리 505 메가비즈B동 3층 310호,경기 화성시 동탄면 영천리 505 메가비즈B동 3층 310호,gyeonggi,화성시,경기 화성시 동탄면 영천리 505,,
경기 화성시 반송동 노작로3길 18 드고아넬(오른쪽),경기 화성시 반송동 노작로3길 18 드고아넬(오른쪽),gyeonggi,화성시,경기 화성시 반송동 노작로3길 18,,
경기 화성시 영천동 636-19 금강펜테리움ix타워 B동 20층 2037호,경기 화성시 영천동 636-19,gyeonggi,화성시,경기 화성시 영천동 636-19,,
경기 화성시 영천동 동탄기흥로 590 동탄센트럴에이스타워 B동 313호,아루아,gyeonggi,화성시,경기 화성시 영천동 동탄기흥로 590,,
경기 화성시 영천동 동탄기흥로 590 동탄센트럴에이스타워 B동 313호 아루아,아루아,gyeonggi,화성시,경기 화성시 영천동 동탄기흥로 590,,
경기 화성시 영천동 동탄대로 636-14  c동 1층 111호,경기 화성시 영천동 동탄대로 636-14  c동 1층 111호,gyeonggi,화성시,경기 화성시 영천동 동탄대로 636-14,,
경기 화성시 영천동 동탄대로 636-14 c동 1층 111호,경기 화성시 영천동 동탄대로 636-14  c동 1층 111호,gyeonggi,화성시,경기 화성시 영천동 동탄대로 636-14,,
경기 화성시 청계동 546,경기 화성시 청계동 546,gyeonggi,화성시,경기 화성시 청계동 546,,
경기도 고양시 덕양구 항공대학로 76-9 한국항공대학교,한국항공대학교,gyeonggi,고양시,경기도 고양시 덕양구 항공대학로 76-9,,
경기도 고양시 일산서구 경의로 849 고양시 현충전시관 기획전시실 지하1층,현충전시관,gyeonggi,고양시,경기도 고양시 일산서구 경의로 849,,
경기도 광명시 가학로85번길 142 광명자원회수시설 1층 홍보관,광명자원회수시설,gyeonggi,광명시,경기도 광명시 가학로85번길 142,,
경기도 광명시 철망산로 46 광명시하안도서관,광명시하안도서관,gyeonggi,광명시,경기도 광명시 철망산로 46,,
경기도 구리시 동구릉로 427 3층,경기도 구리시 동구릉로 427 3층,gyeonggi,구리시,경기도 구리시 동구릉로 427 3층,,
경기도 남양주시 조안면 다산로747번길 16 문화재관리용건축물,문화재관리용건축물,gyeonggi,남양주시,경기도 남양주시 조안면 다산로747번길 16,,
경기도 성남시 분당구 문정로 40,경기도 성남시 분당구 문정로 40,gyeonggi,성남시,경기도 성남시 분당구 문정로 40,,
경기도 수원시 권선구 호매실로 46-38 기후변화체험관,기후변화체험관,gyeonggi,수원시,경기도 수원시 권선구 호매실로 46-38,,
경기도 수원시 영통구 광교중앙로 140 수원컨벤션센터 지하1층 수원시립아트스페이스광교,수원컨벤션센터,gyeonggi,수원시,경기도 수원시 영통구 광교중앙로 140,,
경기도 시흥시 서해안로 275 시흥시 곤충전시체험관,시흥시 곤충전시체험관,gyeonggi,시흥시,경기도 시흥시 서해안로 275,,
경기도 안산시 단원구 시화호수로 553 안산별망 어촌문화관 안산별망어촌문화관,안산별망어촌문화관,gyeonggi,안산시,경기도 안산시 단원구 시화호수로 553,,
"경기도 안산시 단원구 화랑로 260 안산와~스타디움 (기둥번호 E1, W1)","경기도 안산시 단원구 화랑로 260 안산와~스타디움 (기둥번호 E1, W1)",gyeonggi,안산시,경기도 안산시 단원구 화랑로 260,,
경기도 안산시 상록구 갈대습지로 76 환경생태관,환경생태관,gyeonggi,안산시,경기도 안산시 상록구 갈대습지로 76,,
경기도 안성시,경기도 안성시,gyeonggi,안성시,경기도 안성시,,
경기도 양주시 장흥면 권율로 124,경기도 양주시 장흥면 권율로 124,gyeonggi,양주시,경기도 양주시 장흥면 권율로 124,,
경기도 양주시 장흥면 권율로185번길 103,경기도 양주시 장흥면 권율로185번길 103,gyeonggi,양주시,경기도 양주시 장흥면 권율로185번길 103,,
경기도 양평군,경기도 양평군,gyeonggi,양평군,경기도 양평군,,
경기도 양평군 옥천면 경강로 1496 양평환경사업소,양평환경사업소,gyeonggi,양평군,경기도 양평군 옥천면 경강로 1496,,
경기도 양평군 용문면 용문산로 620 단독건물,경기도 양평군 용문면 용문산로 620 단독건물,gyeonggi,양평군,경기도 양평군 용문면 용문산로 620,,
경기도 여주시 강변유원지길 105,경기도 여주시 강변유원지길 105,gyeonggi,여주시,경기도 여주시 강변유원지길 105,,
경기도 여주시 명성로 114-146,경기도 여주시 명성로 114-146,gyeonggi,여주시,경기도 여주시 명성로 114-146,,
경기도 여주시 세종대왕면 왕대리,경기도 여주시 세종대왕면 왕대리,gyeonggi,여주시,경기도 여주시 세종대왕면 왕대리,,
경기도 여주시 신륵사길 6-12 여주박물관,여주박물관,gyeonggi,여주시,경기도 여주시 신륵사길 6-12,,
경기도 용인시 처인구 남사읍 처인성로 673,경기도 용인시 처인구 남사읍 처인성로 673,gyeonggi,용인시,경기도 용인시 처인구 남사읍 처인성로 673,,
경기도 의왕시 왕송못동로 209 의왕조류생태과학관,의왕조류생태과학관,gyeonggi,의왕시,경기도 의왕시 왕송못동로 209,,
경기도 의왕시 철도박물관로 142 철도박물관,철도박물관,gyeonggi,의왕시,경기도 의왕시 철도박물관로 142,,
경기도 이천시,경기도 이천시,gyeonggi,이천시,경기도 이천시,,
경기도 파주시 문산읍 임진각로 148-57 한반도 생태평화 종합 관광센터,한반도 생태평화 종합 관광센터,gyeonggi,파주시,경기도 파주시 문산읍 임진각로 148-57,,
"경기도 파주시 법원읍 자운서원로 204, 율곡기념관 1층",율곡기념관,gyeonggi,파주시,경기도 파주시 법원읍 자운서원로 204,,
"경기도 파주시 법원읍 자운서원로 204, 율곡기념관2층",율곡기념관,gyeonggi,파주시,경기도 파주시 법원읍 자운서원로 204,,
경기도 파주시 쇠재로 33 파주시립중앙도서관,파주시립중앙도서관,gyeonggi,파주시,경기도 파주시 쇠재로 33,,
경기도 파주시 탄현면 헤이리로 16,경기도 파주시 탄현면 헤이리로 16,gyeonggi,파주시,경기도 파주시 탄현면 헤이리로 16,,
경기도 파주시 탄현면 헤이리로 30 국립민속박물관 파주- 1층 어린이체험실,국립민속박물관 파주,gyeonggi,파주시,경기도 파주시 탄현면 헤이리로 30,,
경기도 파주시 탄현면 헤이리마을길 59-101,경기도 파주시 탄현면 헤이리마을길 59-101,gyeonggi,파주시,경기도 파주시 탄현면 헤이리마을길 59-101,,
경기도 포천시,경기도 포천시,gyeonggi,포천시,경기도 포천시,,
경기도 포천시 신북면 아트밸리로 184-1,경기도 포천시 신북면 아트밸리로 184-1,gyeonggi,포천시,경기도 포천시 신북면 아트밸리로 184-1,,
경기도 하남시 덕풍동로 30 하남역사박물관,하남역사박물관,gyeonggi,하남시,경기도 하남시 덕풍동로 30,,
경기도 화성시 우정읍 화수동길 163 우정보건소,우정보건소,gyeonggi,화성시,경기도 화성시 우정읍 화수동길 163,,
경기도 화성시 향남읍 제암고주로 34 화성시독립운동기념관,화성시독립운동기념관,gyeonggi,화성시,경기도 화성시 향남읍 제암고주로 34,,
경기도 화성시 향남읍 행정동로 96 화성시 역사박물관,화성시 역사박물관,gyeonggi,화성시,경기도 화성시 향남읍 행정동로 96,,
경북 성주군 대가면 참별로 2479,경북 성주군 대가면 참별로 2479,gyeongbuk,성주군,경북 성주군 대가면 참별로 2479,,
경북 청도군 청도읍 새마을1길 34,경북 청도군 청도읍 새마을1길 34,gyeongbuk,청도군,경북 청도군 청도읍 새마을1길 34,,
경상남도 거제시 옥포중앙로 32 3층,더타미,,거제시,경상남도 거제시 옥포중앙로 32 3층,,
경상남도 거제시 옥포중앙로 32 3층 더타미,더타미,,거제시,경상남도 거제시 옥포중앙로 32 3층,,
경상남도 김해시 봉황동 17-52 반짝이는당신의오늘,반짝이는당신의오늘,,김해시,경상남도 김해시 봉황동 17-52,,
경상남도 김해시 북부동 1498-11 경상남도 김해시 삼계중앙로6번길 21-14 (삼계동) 1층 루리라탄,루리라탄,,김해시,경상남도 김해시 북부동 1498-11,,
경상남도 김해시 장유면 관동리 1093-1,경상남도 김해시 장유면 관동리 1093-1,,김해시,경상남도 김해시 장유면 관동리 1093-1,,
경상남도 양산시 물금읍 화산길 13-1,경상남도 양산시 물금읍 화산길 13-1,,양산시,경상남도 양산시 물금읍 화산길 13-1,,
경상남도 양산시 중부동 양주2길 26 1층,경상남도 양산시 중부동 양주2길 26 1층,,양산시,경상남도 양산시 중부동 양주2길 26,,
경상남도 양산시 평산동 568-20 동일스위트1차 상가 2층,경상남도 양산시 평산동 568-20 동일스위트1차 상가 2층,,양산시,경상남도 양산시 평산동 568-20,,
경상남도 양산시 평산동 신명로 85 2층 어썸센트 (봉우유치원 옆건물),어썸센트,,양산시,경상남도 양산시 평산동 신명로 85,,
경상남도 진주시 칠암동 동진로 2,경상남도 진주시 칠암동 동진로 2,,진주시,경상남도 진주시 칠암동 동진로 2,,
경상남도 창원시 마산회원구 내서읍 중리공단로 65 연구지원동 101호,경상남도 창원시 마산회원구 내서읍 중리공단로 65 연구지원동 101호,,창원시,경상남도 창원시 마산회원구 내서읍 중리공단로 65,,
경상남도 창원시 의창구 북면 감계로 297 휴먼빌아파트 상가 2층 Y-ART,Y-ART,,창원시,경상남도 창원시 의창구 북면 감계로 297,,
경상남도 창원시 의창구 북면 감계로 297 휴면빌아파트 상가 2층 Y-ART,Y-ART,,창원시,경상남도 창원시 의창구 북면 감계로 297,,
경상남도 창원시 의창구 소답동 157-1 2층,경상남도 창원시 의창구 소답동 157-1 2층,,창원시,경상남도 창원시 의창구 소답동 157-1,,
경상남도 통영시 정량동 (자세한 주소는 문의 주세요!),경상남도 통영시 정량동,,통영시,경상남도 통영시 정량동,,
경상북도 경산시 사동 650-1 부영2차 아파트 상가동 102호,경상북도 경산시 사동 650-1 부영2차 아파트 상가동 102호,,경산시,경상북도 경산시 사동 650-1,,
경상북도 경산시 진량읍 공단로 501-3 1층 다니옹,다니옹,,경산시,경상북도 경산시 진량읍 공단로 501-3,,
경상북도 경산시 진량읍 신상리 1221-1 1층 다니옹,다니옹,,경산시,경상북도 경산시 진량읍 공단로 501-3,,
경상북도 경산시 진량읍 신상리 1222-3 1층 다니옹,다니옹,,경산시,경상북도 경산시 진량읍 공단로 501-3,,
경상북도 경산시 진량읍 해든길 11 1층 다니옹,다니옹,,경산시,경상북도 경산시 진량읍 공단로 501-3,,
경상북도 경산시 하양읍 부호리 산15 금락리 272-1 미라벨카페,미라벨카페,,경산시,경상북도 경산시 하양읍 부호리 산15 금락리 272-1,,
경상북도 경주시 황성동 황성로 35-3,경상북도 경주시 황성동 황성로 35-3,,경주시,경상북도 경주시 황성동 황성로 35-3,,
경상북도 구미시 원평동 470-2 경북 구미시 산책길 31 2층,경상북도 구미시 원평동 470-2,gyeongbuk,구미시,경상북도 구미시 원평동 470-2,,
경상북도 구미시 인의동 여헌로 63-1 1층 오유에프,오유에프,,구미시,경상북도 구미시 인의동 여헌로 63-1,,
"경상북도 구미시 인의동 여헌로 63-1 1층,오유에프",오유에프,,구미시,경상북도 구미시 인의동 여헌로 63-1,,
경상북도 구미시 형곡2동 245-3,경상북도 구미시 형곡2동 245-3,,구미시,경상북도 구미시 형곡2동 245-3,,
경상북도 구미시 형곡로 96 1층 아트인룸,아트인룸,,구미시,경상북도 구미시 형곡로 96,,
경상북도 포항시 북구 흥해읍 영일만항로 96 2층 잭서프,잭서프,,포항시,경상북도 포항시 북구 흥해읍 영일만항로 96,,
과천 서울랜드,서울랜드,gyeonggi,과천시,경기도 과천시 광명로 181,,
광주 동구 문화전당로 38,광주 동구 문화전당로 38,gwangju,동구,광주 동구 문화전당로 38,,
광주 북구 첨단과기로 235,광주 북구 첨단과기로 235,gwangju,북구,광주 북구 첨단과기로 235,,
광주 아쿠아시티,광주 아쿠아시티,gwangju,북구,광주광역시 북구 서하로 82,,
광주광역시 광산구 산월로41번길 30 1층 꽃사로움,꽃사로움,gwangju,광산구,광주광역시 광산구 산월로41번길 30,,
광주광역시 광산구 산월로41번길 30 꽃사로움,꽃사로움,gwangju,광산구,광주광역시 광산구 산월로41번길 30,,
광주광역시 광산구 장덕동 장덕로39번길 10 1층 미다모은공방,미다모은공방,gwangju,광산구,광주광역시 광산구 장덕동 장덕로39번길 10,,
광주광역시 광산구 장덕로39번길 10 1층 미다모은공방,미다모은공방,gwangju,광산구,광주광역시 광산구 장덕동 장덕로39번길 10,,
광주광역시 남구 서문대로 773-2  4층 뉴패션디자인학원,뉴패션디자인학원,gwangju,남구,광주광역시 남구 서문대로 773-2,,
광주광역시 동구 계림동 중흥로 242 1층,광주광역시 동구 계림동 중흥로 242 1층,gwangju,동구,광주광역시 동구 계림동 중흥로 242,,
광주광역시 북구 반룡로 20-2 2층,광주광역시 북구 반룡로 20-2,gwangju,북구,광주광역시 북구 반룡로 20-2,,
"광주광역시 북구 반룡로 20-2, 2층",광주광역시 북구 반룡로 20-2,gwangju,북구,광주광역시 북구 반룡로 20-2,,
광주광역시 북구 신안동 무등로180번길 5 (재)여성기업종합지원센터 광주센터 401호,여성기업종합지원센터,gwangju,북구,광주광역시 북구 신안동 무등로180번길 5,,
광주광역시 북구 연제동 568-9 849,광주광역시 북구 연제동 568-9 849,gwangju,북구,광주광역시 북구 연제동 568-9 849,,
광주광역시 북구 용봉동 반룡로 20-2 2층,광주광역시 북구 용봉동 반룡로 20-2 2층,gwangju,북구,광주광역시 북구 용봉동 반룡로 20-2,,
광주광역시 북구 임동 중흥로 77 4층 광주리베르탱고,광주리베르탱고,gwangju,북구,광주광역시 북구 임동 중흥로 77,,
광주광역시 서구 경열로65번길 7-1 상가202,광주광역시 서구 경열로65번길 7-1 상가202호,gwangju,서구,광주광역시 서구 경열로65번길 7-1,,
광주광역시 서구 경열로65번길 7-1 상가202호,광주광역시 서구 경열로65번길 7-1 상가202호,gwangju,서구,광주광역시 서구 경열로65번길 7-1,,
광주광역시 서구 농성동 경열로65번길 7 상가202,광주광역시 서구 경열로65번길 7-1 상가202호,gwangju,서구,광주광역시 서구 경열로65번길 7-1,,
광주시문화예술의전당 맹사성홀,광주시문화예술의전당 맹사성홀,gyeonggi,광주시,경기도 광주시 회안대로 891,,
광주예술의전당 대극장,광주예술의전당,gwangju,북구,광주광역시 북구 북문대로 60,,
국립항공박물관 로비,국립항공박물관 로비,,,국립항공박물관 로비,,
낙산공원,낙산공원,seoul,종로구,서울특별시 종로구 낙산길 41,,
노원어린이극장,노원어린이극장,seoul,노원구,서울특별시 노원구 노해로 502,,
대구 이월드,대구 이월드,daegu,달서구,대구 달서구 두류공원로 200,,
대구 이월드 83타워,대구 이월드,daegu,달서구,대구 달서구 두류공원로 200,,
대구광역시 남구 대명10동 대명복개로 39 1층,대구광역시 남구 대명10동 대명복개로 39 1층,daegu,남구,대구광역시 남구 대명10동 대명복개로 39,,
대구광역시 남구 대명동 1623-60 대명메트로아파트 상가 203호,대구광역시 남구 대명동 1623-60 대명메트로아파트 상가 203호,daegu,남구,대구광역시 남구 대명동 1623-60,,
대구광역시 남구 대명동 현충로 40,대구광역시 남구 대명동 현충로 40,daegu,남구,대구광역시 남구 대명동 현충로 40,,
대구광역시 남구 이천동 대봉로32길 6-2 1층 로지아플라워,로지아플라워,daegu,남구,대구광역시 남구 이천동 대봉로32길 6-2,,
대구광역시 달서구 두류동 두류남 9길 17 지식산업센터 제봉뜰두류봉제지식산업센터 니들베베,니들베베,daegu,서구,대구광역시 달서구 두류동 두류남 9길 17,,
대구광역시 달서구 신당동 1821-7 2층 202호,대구광역시 달서구 신당동 1821-7 2층 202호,daegu,서구,대구광역시 달서구 신당동 1821-7,,
대구광역시 달서구 앞산순환로 248 달서별빛캠프 캠핑장,달서별빛캠프 캠핑장,daegu,서구,대구광역시 달서구 앞산순환로 248,,
"대구광역시 달서구 이곡동 1308-1 서한 2차 상가 111동, 2층 카페70도씨 이곡점",카페70도씨 이곡점,daegu,서구,대구광역시 달서구 이곡동 1308-1,,
대구광역시 달성군 구지면 국가산단대로52길 6,대구광역시 달성군 구지면 국가산단대로52길 6,daegu,달성군,대구광역시 달성군 구지면 국가산단대로52길 6,,
대구광역시 달성군 다사읍 대실역남로2길 12-12 민트홀릭,민트홀릭,daegu,달성군,대구광역시 달성군 다사읍 대실역남로2길 12-12,,
대구광역시 달성군 유가읍 테크노대로6길 20 국립대구과학관,국립대구과학관,daegu,달성군,대구광역시 달성군 유가읍 테크노대로6길 20,,
대구광역시 동구 신암동 705-7 3층,대구광역시 동구 신암동 705-7 3층,daegu,동구,대구광역시 동구 신암동 705-7,,
대구광역시 동구 신천동 557-1 신천자이 107동 602호,대구광역시 동구 신천동 557-1 신천자이 107동 602호,daegu,동구,대구광역시 동구 신천동 557-1,,
대구광역시 동구 팔공로50길 66,대구광역시 동구 팔공로50길 66,daegu,동구,대구광역시 동구 팔공로50길 66,,
대구광역시 동구 팔공산로 1155 시민안전테마파크,시민안전테마파크,daegu,동구,대구광역시 동구 팔공산로 1155,,
대구광역시 수성구 동대구로 176 어린이회관,어린이회관,daegu,수성구,대구광역시 수성구 동대구로 176,,
대구광역시 수성구 미술관로 70,대구광역시 수성구 미술관로 70,daegu,수성구,대구광역시 수성구 미술관로 70,,
대구광역시 수성구 지산2동 1272-4,대구광역시 수성구 지산2동 1272-4,daegu,수성구,대구광역시 수성구 지산2동 1272-4,,
대성빌딩,대성빌딩,seoul,송파구,서울 송파구 백제고분로33길 31-15,,
대전 오월드,대전 오월드,daejeon,중구,대전광역시 중구 사정공원로 70,,
대전광역시 동구 삼성동 278-34 1층 레네의작업실,레네의작업실,daejeon,동구,대전광역시 동구 삼성동 278-34,,
대전광역시 동구 삼성동 278-34 대전 동구 선화로 183-3 1층 레네의작업실,레네의작업실,daejeon,동구,대전광역시 동구 삼성동 278-34,,
대전광역시 동구 삼성동 278-34 대한민국 대전광역시 동구 삼성동 278-34 대전 동구 선화로 183-3 1층 레네의작업실,레네의작업실,daejeon,동구,대전광역시 동구 삼성동 278-34,,
대전광역시 동구 삼성동 278-34 레네의작업실,레네의작업실,daejeon,동구,대전광역시 동구 삼성동 278-34,,
대전광역시 동구 삼성동 278-4 레네의작업실,레네의작업실,daejeon,동구,대전광역시 동구 삼성동 278-34,,
대전광역시 서구 계룡로 314 대전 청춘스럽(대전일보사 1층 나눔회의실2),청춘스럽,daejeon,서구,대전광역시 서구 계룡로 314,,
"대전광역시 유성구 대덕대로 480 대전 C.T센터, 스튜디오큐브",스튜디오큐브,daejeon,유성구,대전광역시 유성구 대덕대로 480,,
대전광역시 유성구 대덕대로 507-50 대전교육과학연구원,대전교육과학연구원,daejeon,유성구,대전광역시 유성구 대덕대로 507-50,,
대전광역시 유성구 온천1동 월드컵대로253번안길 56,대전광역시 유성구 온천1동 월드컵대로253번안길 56,daejeon,유성구,대전광역시 유성구 온천1동 월드컵대로253번안길 56,,
대전아쿠아리움,대전아쿠아리움,daejeon,중구,대전광역시 중구 보문산공원로 469,,
대전예술의전당 아트홀,대전예술의전당,daejeon,서구,대전광역시 서구 둔산대로 135,,
대전예술의전당 앙상블홀,대전예술의전당,daejeon,서구,대전광역시 서구 둔산대로 135,,
대한문 입장 후 좌측 고객정보센터 앞(덕수궁 입장권 개별 구매),대한문,seoul,중구,서울특별시 중구 세종대로 99,,
라뮤제 베이크하우스,라뮤제 베이크하우스,gyeonggi,수원시,경기 수원시 영통구 권선로882번길 43-33,,
뮤티드메이크업,뮤티드메이크업,seoul,강남구,서울 강남구 선릉로148길 15,,
미남크루즈,미남크루즈,,여수시,전라남도 여수시 돌산읍 돌산로 3617-22,,
민림이네 베이킹,민림이네 베이킹,gyeonggi,수원시,경기 수원시 팔달구 화서문로32번길 25-6,,
베이크투데이,베이크투데이,seoul,강동구,서울 강동구 천호대로 1055,,
부산 고고요트,부산 고고요트,busan,해운대구,부산광역시 해운대구 해운대해변로 84,,
부산 금정구 서동 302-1917 1층,부산 금정구 서동 302-1917 1층,busan,금정구,부산 금정구 서동 302-1917,,
부산 금정구 장전1동 장전온천천로113번길 2,부산 금정구 장전1동 장전온천천로113번길 2,busan,금정구,부산 금정구 장전1동 장전온천천로113번길 2,,
부산 금정구 장전3동 420-25 벅구네 3층,부산 금정구 장전3동 420-25 벅구네 3층,busan,금정구,부산 금정구 장전3동 420-25,,
부산 금정구 장전동 389-40 1층,데이즈율,busan,금정구,부산 금정구 장전동 389-40,,
부산 금정구 장전동 389-40 1층 데이즈율,데이즈율,busan,금정구,부산 금정구 장전동 389-40,,
부산 금정구 장전동 521-68,부산 금정구 장전동 521-68,busan,금정구,부산 금정구 장전동 521-68,,
부산 금정구 장전동 금강로279번길 6 2층 화실 긞,화실 긞,busan,금정구,부산 금정구 장전동 금강로279번길 6,,
부산 금정구 장전동 금정로 11-1 1층 제이파레트,제이파레트,busan,금정구,부산 금정구 장전동 금정로 11-1,,
"부산 금정구 장전동 금정로 187 3층, 블레싱룸",블레싱룸,busan,금정구,부산 금정구 장전동 금정로 187,,
부산 금정구 장전동 금정로 79 3층 몸아트 스튜디오,몸아트 스튜디오,busan,금정구,부산 금정구 장전동 금정로 79,,
부산 금정구 장전동 장전온천천로113번길 2,부산 금정구 장전동 장전온천천로113번길 2,busan,금정구,부산 금정구 장전동 장전온천천로113번길 2,,
부산 기장군 기장읍 기장대로 82 아레볼 캔들 공방,아레볼 캔들 공방,busan,기장군,부산 기장군 기장읍 기장대로 82,,
부산 기장군 기장읍 대라리 128-10 1층 왼쪽가게,부산 기장군 기장읍 대라리 128-10 1층 왼쪽가게,busan,기장군,부산 기장군 기장읍 대라리 128-10,,
부산 기장군 일광면 삼성리 795,부산 기장군 일광면 삼성리 795,busan,기장군,부산 기장군 일광면 삼성리 795,,
부산 기장군 정관읍  모전1길 70-1 플람라탄,플람라탄,busan,기장군,부산 기장군 정관읍  모전1길 70-1,,
부산 기장군 정관읍 모전3길 32-8 1층 스튜디오 리어스,스튜디오 리어스,busan,기장군,부산 기장군 정관읍 모전3길 32-8,,
부산 기장군 정관읍 모전3길 48 1층,부산 기장군 정관읍 모전3길 48 1층,busan,기장군,부산 기장군 정관읍 모전3길 48,,
"부산 남구 대연3동 수영로 312, 1312호 (대연동, 센츄리빌딩)","부산 남구 대연3동 수영로 312, 1312호 (대연동, 센츄리빌딩)",busan,남구,부산 남구 대연3동 수영로 312,,
부산 남구 대연4동 대연파크푸르지오,부산 남구 대연4동 대연파크푸르지오,busan,남구,부산 남구 대연4동 대연파크푸르지오,,
부산 남구 대연5동 290-11 2층 쥬아트미술학원,쥬아트미술학원,busan,남구,부산 남구 대연5동 290-11,,
부산 남구 대연동 1135-26 2층 (참벗부동산),참벗부동산,busan,남구,부산 남구 대연동 1135-26,,
부산 남구 대연동 503-4 지하 1층,부산 남구 대연동 503-4 지하 1층,busan,남구,부산 남구 대연동 503-4,,
부산 남구 대연동 58-2 한라빌딩 5층,부산 남구 대연동 58-2 한라빌딩 5층,busan,남구,부산 남구 대연동 58-2,,
부산 남구 대연동 58-6 2층 카페위드,카페위드,busan,남구,부산 남구 대연동 58-6,,
부산 남구 대연동 수영로 294,부산 남구 대연동 수영로 294,busan,남구,부산 남구 대연동 수영로 294,,
부산 남구 대연동 수영로 294 동일스위트 617호,부산 남구 대연동 수영로 294 동일스위트 617호,busan,남구,부산 남구 대연동 수영로 294,,
"부산 남구 대연동 수영로 295 부산광역시 남구 수영로 295 (대연동, 세웅빌딩) 207호","부산 남구 대연동 수영로 295 부산광역시 남구 수영로 295 (대연동, 세웅빌딩) 207호",busan,남구,부산 남구 대연동 수영로 295,,
"부산 남구 대연동 홍곡로 360, 대연파크푸르지오","부산 남구 대연동 홍곡로 360, 대연파크푸르지오",busan,남구,부산 남구 대연동 홍곡로 360,,
부산 동구 범일동 망양로 978 패션비즈센터,부산 동구 범일동 망양로 978 패션비즈센터,busan,동구,부산 동구 범일동 망양로 978,,
부산 동구 범일동 범일로90번길 17 2509호,부산 동구 범일동 범일로90번길 17 2509호,busan,동구,부산 동구 범일동 범일로90번길 17,,
부산 동구 초량제3동 초량역,부산 동구 초량제3동 초량역,busan,동구,부산 동구 초량제3동 초량역,,
부산 동래구 명륜동 명륜로 140,부산 동래구 명륜동 명륜로 140,busan,동래구,부산 동래구 명륜동 명륜로 140,,
부산 동래구 명륜동 온천천로 13,부산 동래구 명륜동 온천천로 13,busan,동래구,부산 동래구 명륜동 온천천로 13,,
부산 동래구 사직동 사직북로47번길 20-4 부산 동래구 석사북로 41-1 지하1층,부산 동래구 사직동 사직북로47번길 20-4,busan,동래구,부산 동래구 사직동 사직북로47번길 20-4,,
"부산 동래구 안락2동 221-61 2층, 아르메이",아르메이,busan,동래구,부산 동래구 안락2동 221-61,,
부산 부산진구 당감동 가야대로 689-2,부산 부산진구 당감동 가야대로 689-2,busan,부산진구,부산 부산진구 당감동 가야대로 689-2,,
부산 부산진구 동평로183번길 104 은소리공방,은소리공방,busan,부산진구,부산 부산진구 동평로183번길 104,,
부산 부산진구 범전동 중앙대로 821,부산 부산진구 범전동 중앙대로 821,busan,부산진구,부산 부산진구 범전동 중앙대로 821,,
부산 부산진구 부전1동 142-11 동아빌딩 지하 1층,부산 부산진구 부전1동 142-11 동아빌딩 지하 1층,busan,부산진구,부산 부산진구 부전1동 142-11,,
부산 부산진구 부전2동 241-17 서면 하이스퀘어 세미나실,하이스퀘어,busan,부산진구,부산 부산진구 부전2동 241-17,,
부산 부산진구 부전동 266-22번지 9층 한누리빌딩 한우리빌딩 8층,부산 부산진구 부전동 266-22번지 9층 한누리빌딩 한우리빌딩 8층,busan,부산진구,부산 부산진구 부전동 266-22번지,,
부산 부산진구 부전동 521-1번지 1층,부산 부산진구 부전동 521-1번지 1층,busan,부산진구,부산 부산진구 부전동 521-1번지,,
부산 부산진구 부전동 중앙대로 지하 730 서면역,서면역,busan,부산진구,부산 부산진구 부전동 중앙대로 지하 730 서면역,,
부산 부산진구 서면로 10 2920호,부산 부산진구 서면로 10 2920호,busan,부산진구,부산 부산진구 서면로 10,,
부산 부산진구 양정동 동평로420번길 18,부산 부산진구 양정동 동평로420번길 18,busan,부산진구,부산 부산진구 양정동 동평로420번길 18,,
부산 부산진구 연지동 동평로183번길 104 1층 은소리 공방,은소리 공방,busan,부산진구,부산 부산진구 연지동 동평로183번길 104,,
부산 부산진구 전포1동 347-8 이담,이담,busan,부산진구,부산 부산진구 전포1동 347-8,,
부산 부산진구 전포2동 2-1 드리미탱글,드리미탱글,busan,부산진구,부산 부산진구 전포2동 2-1,,
부산 부산진구 전포2동 664-6 1층(스그니 가죽공방),스그니 가죽공방,busan,부산진구,부산 부산진구 전포2동 664-6,,
부산 부산진구 전포2동 666-6 405호,부산 부산진구 전포2동 666-6 405호,busan,부산진구,부산 부산진구 전포2동 666-6,,
부산 부산진구 전포3동 891-38 지하2층 아세르 필라테스,아세르 필라테스,busan,부산진구,부산 부산진구 전포3동 891-38,,
부산 부산진구 전포3동 동성로15번길 37 2층,부산 부산진구 전포3동 동성로15번길 37 2층,busan,부산진구,부산 부산진구 전포3동 동성로15번길 37,,
부산 부산진구 전포대로190번길 34 초랑실작업소,초랑실작업소,busan,부산진구,부산 부산진구 전포대로190번길 34,,
부산 부산진구 전포대로199번길 27 3층 프랑꼬아트랩,프랑꼬아트랩,busan,부산진구,부산 부산진구 전포대로199번길 27,,
부산 부산진구 전포대로199번길 27 KH마이하우스 3층 프랑꼬아트랩,KH마이하우스 3층 프랑꼬아트랩,busan,부산진구,부산 부산진구 전포대로199번길 27,,
부산 부산진구 전포동 198-3번지 1층 방구석유리쟁이,방구석유리쟁이,busan,부산진구,부산 부산진구 전포동 198-3번지,,
부산 부산진구 전포동 207-28 지하,부산 부산진구 전포동 207-28 지하,busan,부산진구,부산 부산진구 전포동 207-28,,
부산 부산진구 전포동 207-84 지하 1층,부산 부산진구 전포동 207-84 지하 1층,busan,부산진구,부산 부산진구 전포동 207-84,,
부산 부산진구 전포동 207-86 지하 1층,부산 부산진구 전포동 207-86 지하 1층,busan,부산진구,부산 부산진구 전포동 207-86,,
부산 부산진구 전포동 305-14 복합문화공간 별일,복합문화공간 별일,busan,부산진구,부산 부산진구 전포동 305-14,,
부산 부산진구 전포동 306-18,부산 부산진구 전포동 306-18,busan,부산진구,부산 부산진구 전포동 306-18,,
부산 부산진구 전포동 334-44 2층,부산 부산진구 전포동 334-44 2층,busan,부산진구,부산 부산진구 전포동 334-44,,
부산 부산진구 전포동 653-2 2층 크로우레진,크로우레진,busan,부산진구,부산 부산진구 전포동 653-2,,
"부산 부산진구 전포동 663-7 203호, 복도 끝 검정문","부산 부산진구 전포동 663-7 203호, 복도 끝 검정문",busan,부산진구,부산 부산진구 전포동 663-7,,
부산 부산진구 전포동 664-7번지 1층 B사동 205호,부산 부산진구 전포동 664-7번지 1층 B사동 205호,busan,부산진구,부산 부산진구 전포동 664-7번지,,
부산 부산진구 전포동 664-7번지 1층 부산진구 부산광역시 KR B사동 205호,부산 부산진구 전포동 664-7번지 1층,busan,부산진구,부산 부산진구 전포동 664-7번지,,
부산 부산진구 전포동 664-8 A 마동 3층 광월드,광월드,busan,부산진구,부산 부산진구 전포동 664-8 A,,
부산 부산진구 전포동 동성로 50,부산 부산진구 전포동 동성로 50,busan,부산진구,부산 부산진구 전포동 동성로 50,,
부산 부산진구 전포동 동천로108번길 32,부산 부산진구 전포동 동천로108번길 32,busan,부산진구,부산 부산진구 전포동 동천로108번길 32,,
부산 부산진구 전포동 서전로37번길 26,부산 부산진구 전포동 서전로37번길 26,busan,부산진구,부산 부산진구 전포동 서전로37번길 26,,
부산 부산진구 전포동 서전로47번길 27,부산 부산진구 전포동 서전로47번길 27,busan,부산진구,부산 부산진구 전포동 서전로47번길 27,,
부산 부산진구 전포동 서전로47번길 27  B자동 301호,부산 부산진구 전포동 서전로47번길 27  B자동 301호,busan,부산진구,부산 부산진구 전포동 서전로47번길 27,,
부산 북구 구포2동 896-27 1층,부산 북구 구포2동 896-27 1층,busan,북구,부산 북구 구포2동 896-27,,
부산 북구 구포동 896-27 1층,부산 북구 구포2동 896-27 1층,busan,북구,부산 북구 구포2동 896-27,,
부산 북구 구포동 896-29 1층,부산 북구 구포동 896-29 1층,busan,북구,부산 북구 구포동 896-29,,
부산 북구 구포동 산42-1 북구순환웰빙산책로 1층,부산 북구 구포동 산42-1 북구순환웰빙산책로 1층,busan,북구,부산 북구 구포동 산42-1,,
부산 북구 덕천동 450-34 2층 201호 레메이에르,레메이에르,busan,북구,부산 북구 덕천동 450-34,,
부산 북구 덕천동 만덕대로 164,부산 북구 덕천동 만덕대로 164,busan,북구,부산 북구 덕천동 만덕대로 164,,
부산 북구 만덕2동 만덕2로 21-1 2층 하늘미술공방,하늘미술공방,busan,북구,부산 북구 만덕2동 만덕2로 21-1,,
부산 북구 만덕동 841-2 1층 그림공간,그림공간,busan,북구,부산 북구 만덕동 841-2,,
부산 북구 만덕동 만덕3로33번길 8,부산 북구 만덕동 만덕3로33번길 8,busan,북구,부산 북구 만덕동 만덕3로33번길 8,,
부산 북구 백양대로1016번길 64 1층,부산 북구 백양대로1016번길 64 1층,busan,북구,부산 북구 백양대로1016번길 64,,
부산 북구 화명동 금곡대로 270 대림상가 310-1호,부산 북구 화명동 금곡대로 270 대림상가 310-1호,busan,북구,부산 북구 화명동 금곡대로 270,,
부산 사상구 가야대로 403 1층,부산 사상구 가야대로 403 1층,busan,사상구,부산 사상구 가야대로 403,,
부산 사상구 괘법동 558-14,부산 사상구 괘법동 558-14,busan,사상구,부산 사상구 괘법동 558-14,,
부산 사상구 괘법동 572-19 사상인디스테이션,사상인디스테이션,busan,사상구,부산 사상구 괘법동 572-19,,
부산 사상구 괘법동 새벽로 218,부산 사상구 괘법동 새벽로 218,busan,사상구,부산 사상구 괘법동 새벽로 218,,
부산 사상구 괘법동 새벽로 218 2층,부산 사상구 괘법동 새벽로 218,busan,사상구,부산 사상구 괘법동 새벽로 218,,
부산 사상구 사상로 201 메가박스 3층 아로마포레스트,아로마포레스트,busan,사상구,부산 사상구 사상로 201,,
부산 사상구 주례동 167-13 2층,부산 사상구 주례동 167-13 2층,busan,사상구,부산 사상구 주례동 167-13,,
"부산 사상구 주례동 167-13 공공북스 페이지2, 냉정역 3번출구에서 200m",공공북스,busan,사상구,부산 사상구 주례동 167-13,,
부산 사상구 학장동 149-16 1층 소꿉당,소꿉당,busan,사상구,부산 사상구 학장동 149-16,,
부산 사하구 감천동 감내1로175번안길 34-1,부산 사하구 감천동 감내1로175번안길 34-1,busan,사하구,부산 사하구 감천동 감내1로175번안길 34-1,,
"부산 사하구 감천동 감내2로 138-1  감천문화마을, 독락의탑 1층 아뜰리에",아뜰리에,busan,사하구,부산 사하구 감천동 감내2로 138-1,,
부산 사하구 괴정동 장평로 432 청하부동산 2층 leap,leap,busan,사하구,부산 사하구 괴정동 장평로 432,,
부산 사하구 낙동대로 549 1층 수화,수화,busan,사하구,부산 사하구 낙동대로 549,,
부산 사하구 신평동 하신번영로151번길 66 1층 네츄럴모먼트,네츄럴모먼트,busan,사하구,부산 사하구 신평동 하신번영로151번길 66,,
부산 사하구 장림동 다대로300번길 42,부산 사하구 장림동 다대로300번길 42,busan,사하구,부산 사하구 장림동 다대로300번길 42,,
부산 서구 서대신동3가 7-57 예림빌라,부산 서구 서대신동3가 7-57 예림빌라,busan,서구,부산 서구 서대신동3가 7-57 예림빌라,,
부산 수영구 광안동 174-9 4 층 3층,오드집,busan,수영구,부산 수영구 광안동 174-9,,
부산 수영구 광안동 174-9 4 층 3층 오드집,오드집,busan,수영구,부산 수영구 광안동 174-9,,
부산 수영구 광안동 광서로 30 2F 더넛츠컴퍼니X스튜디오G1,더넛츠컴퍼니X스튜디오G1,busan,수영구,부산 수영구 광안동 광서로 30,,
부산 수영구 광안동 수영로618번길 19 1층,부산 수영구 광안동 수영로618번길 19 1층,busan,수영구,부산 수영구 광안동 수영로618번길 19,,
부산 수영구 남천1동 69-45 4층 금꽃바다,금꽃바다,busan,수영구,부산 수영구 남천1동 69-45,,
부산 수영구 남천동 광안해변로 122 비치B상가 4층 402호,부산 수영구 남천동 광안해변로 122 비치B상가 4층 402호,busan,수영구,부산 수영구 남천동 광안해변로 122,,
부산 수영구 남천동 남천바다로15번길 31 2층,부산 수영구 남천동 남천바다로15번길 31 2층,busan,수영구,부산 수영구 남천동 남천바다로15번길 31,,
부산 수영구 망미2동 망미번영로 61,부산 수영구 망미2동 망미번영로 61,busan,수영구,부산 수영구 망미2동 망미번영로 61,,
부산 수영구 망미동 과정로42번길 46 1층 오드화,오드화,busan,수영구,부산 수영구 망미동 과정로42번길 46,,
부산 수영구 망미번영로 69-1 비콘그라운드 SH107호,부산 수영구 망미번영로 69-1 비콘그라운드 SH107호,busan,수영구,부산 수영구 망미번영로 69-1,,
부산 수영구 민락동 181-139 민락수변로13 3층,부산 수영구 민락동 181-139 민락수변로13 3층,busan,수영구,부산 수영구 민락동 181-139,,
부산 수영구 민락동 광남로 271 1층,부산 수영구 민락동 광남로 271 1층,busan,수영구,부산 수영구 민락동 광남로 271,,
부산 수영구 민락동 광안로61번가길 16 1층 odd.zip,odd.zip,busan,수영구,부산 수영구 민락동 광안로61번가길 16,,
부산 수영구 민락동 민락수변로 13,부산 수영구 민락동 민락수변로 13,busan,수영구,부산 수영구 민락동 민락수변로 13,,
부산 수영구 수영동 513 현대아파트 상가 2층 선데이향수공방,선데이향수공방,busan,수영구,부산 수영구 수영동 513,,
부산 수영구 수영로,부산 수영구 수영로,busan,수영구,부산 수영구 수영로,,
부산 아쿠아리움,부산 아쿠아리움,busan,해운대구,부산광역시 해운대구 해운대해변로 266,,
부산 연제구 연산4동 거제천로230번길 81,부산 연제구 연산4동 거제천로230번길 81,busan,연제구,부산 연제구 연산4동 거제천로230번길 81,,
부산 연제구 연산동 1049-2 1층,부산 연제구 연산동 1049-2 1층,busan,연제구,부산 연제구 연산동 1049-2,,
부산 연제구 연산동 337-29 바라던케이크. 1층,부산 연제구 연산동 337-29 바라던케이크. 1층,busan,연제구,부산 연제구 연산동 337-29,,
부산 연제구 연산동 778-32 1층,부산 연제구 연산동 778-32 1층,busan,연제구,부산 연제구 연산동 778-32,,
"부산 연제구 연산동 988-3 (고분로 111, 1층) 맘스핸즈",맘스핸즈,busan,연제구,부산 연제구 연산동 988-3,,
부산 전포동 309-43번지 2층 부산진구 부산광역시 KR 4층 집! 스튜디오,집! 스튜디오,busan,부산진구,부산 전포동 309-43번지,,
부산 해운대구 구남로 8-1 라뮤에뜨상가 401호,부산 해운대구 구남로 8-1 라뮤에뜨상가 401호,busan,해운대구,부산 해운대구 구남로 8-1,,
"부산 해운대구 송정동 711-5 부산광역시 해운대구 송정해변로 50 1층,2층 서프홀릭",서프홀릭,busan,해운대구,부산 해운대구 송정동 711-5,,
"부산 해운대구 송정동 711-5 송정동 711-5 1층,2층 서프홀릭",서프홀릭,busan,해운대구,부산 해운대구 송정동 711-5,,
부산 해운대구 송정해변로 28 송정호텔2층 송정서핑학교,송정서핑학교,busan,해운대구,부산 해운대구 송정해변로 28,,
부산 해운대구 우1동 777 102동,부산 해운대구 우1동 777 102동,busan,해운대구,부산 해운대구 우1동 777,,
부산 해운대구 우1동 해운대로 620 라뮤에뜨 2층 212호,부산 해운대구 우1동 해운대로 620 라뮤에뜨 2층 212호,busan,해운대구,부산 해운대구 우1동 해운대로 620,,
부산 해운대구 우동 해운대해변로 85 경동아파트,부산 해운대구 우동 해운대해변로 85 경동아파트,busan,해운대구,부산 해운대구 우동 해운대해변로 85,,
부산 해운대구 좌동 1479-1 웅진시네아트 7층 701-3호,부산 해운대구 좌동 1479-1 웅진시네아트 7층 701-3호,busan,해운대구,부산 해운대구 좌동 1479-1,,
"부산 해운대구 좌동 대천로 187 , 장소 미정 (예약 후 안내 예정)",부산 해운대구 좌동 대천로 187,busan,해운대구,부산 해운대구 좌동 대천로 187,,
부산 해운대구 중1동 1088-68 미작스튜디오,미작스튜디오,busan,해운대구,부산 해운대구 중1동 1088-68,,
부산 해운대구 중1동 1199-5 415호,부산 해운대구 중1동 1199-5 415호,busan,해운대구,부산 해운대구 중1동 1199-5,,
부산 해운대구 중2동 1485-9 삼안스튜디오 1차 젬마하우스,부산 해운대구 중2동 1485-9 삼안스튜디오 1차 젬마하우스,busan,해운대구,부산 해운대구 중2동 1485-9,,
부산 해운대구 중2동 1485-9 삼안스튜디오1차 젬마하우스,부산 해운대구 중2동 1485-9 삼안스튜디오 1차 젬마하우스,busan,해운대구,부산 해운대구 중2동 1485-9,,
부산센텀스파랜드,부산센텀스파랜드,busan,해운대구,부산광역시 해운대구 센텀남대로 35,,
"부산시 해운대 중동 달맞이길50번길 17 미포 골목, 제이마치아뜰리에",제이마치아뜰리에,busan,,부산시 해운대 중동 달맞이길50번길 17,,
상가1동,인천 부평구 충선로 176-8 (부개동),incheon,부평구,인천 부평구 충선로 176-8,,
서울 강서구 하늘길 177,서울 강서구 하늘길 177,seoul,강서구,서울 강서구 하늘길 177,,
서울 마포구 월드컵로 386,서울 마포구 월드컵로 386,seoul,마포구,서울 마포구 월드컵로 386,,
서울 상수역 걸어서 5분 거리,서울 상수역 걸어서 5분 거리,seoul,,서울 상수역,,
서울 서대문구 연희로32길 51,서울 서대문구 연희로32길 51,seoul,서대문구,서울 서대문구 연희로32길 51,,
서울 성동구 성수동1가 642-1,서울 성동구 성수동1가 642-1,seoul,성동구,서울 성동구 성수동1가 642-1,,
서울 송파구 송파대로37길 77,서울 송파구 송파대로37길 77,seoul,송파구,서울 송파구 송파대로37길 77,,
서울 신논현역 인근 (예약 확정 후 상세 장소 안내 드려요),서울 신논현역 인근 (예약 확정 후 상세 장소 안내 드려요),seoul,,서울 신논현역,,
서울 종로3가 종로3가,서울 종로3가 종로3가,seoul,,서울 종로3가,,
서울 종로구 창경궁로 215 국립어린이과학관,국립어린이과학관,seoul,종로구,서울 종로구 창경궁로 215,,
서울남산국악당,서울남산국악당,seoul,중구,서울 중구 퇴계로34길 28,,
서울남산국악당 크라운해태홀,서울남산국악당,seoul,중구,서울 중구 퇴계로34길 28,,
서울문화예술교육센터 은평,서울문화예술교육센터 은평,seoul,은평구,서울특별시 은평구 수색로 322-2,,
서울문화재단 대학로센터,서울문화재단 대학로센터,seoul,종로구,서울특별시 종로구 동숭길 122,,
서울생활문화센터 체부,서울생활문화센터 체부,seoul,종로구,서울특별시 종로구 자하문로1나길 3-2,,
서울숲 스튜디오301,서울숲,seoul,성동구,서울특별시 성동구 서울숲길 36,,
서울시 노원구 동일로205길 13,서울시 노원구 동일로205길 13,seoul,노원구,서울시 노원구 동일로205길 13,,
서울시 종로구 북촌로5길 48 정독도서관,정독도서관,seoul,종로구,서울시 종로구 북촌로5길 48,,
서울시 종로구 율곡로3길 4,서울시 종로구 율곡로3길 4,seoul,종로구,서울시 종로구 율곡로3길 4,,
서울크루즈,서울크루즈,seoul,영등포구,서울특별시 영등포구 여의도한강공원길 231,,
"서울특별시 강서구 마곡중앙5로 9 마곡중앙광장 상가 3-5, 11-13호","서울특별시 강서구 마곡중앙5로 9 마곡중앙광장 상가 3-5, 11-13호",seoul,강서구,서울특별시 강서구 마곡중앙5로 9,,
서울특별시 광진구 워커힐로 127 생태자료실,생태자료실,seoul,광진구,서울특별시 광진구 워커힐로 127,,
서울특별시 동대문구 회기로 47 한국개발연구원,한국개발연구원,seoul,동대문구,서울특별시 동대문구 회기로 47,,
서울특별시 서대문구 통일로 251 독립공원,독립공원,seoul,서대문구,서울특별시 서대문구 통일로 251,,
서울특별시 서초구 매헌로 99 양재시민의숲,양재시민의숲,seoul,서초구,서울특별시 서초구 매헌로 99,,
서울특별시 송파구 성내천로35길 53 송파안전체험교육관,송파안전체험교육관,seoul,송파구,서울특별시 송파구 성내천로35길 53,,
서울특별시 송파구 송파대로37길 77,서울특별시 송파구 송파대로37길 77,seoul,송파구,서울특별시 송파구 송파대로37길 77,,
서울특별시 송파구 올림픽로 424 올림픽공원 서울백제어린이박물관,서울백제어린이박물관,seoul,송파구,서울특별시 송파구 올림픽로 424,,
서울특별시 용산구 임정로 26 백범기념관,백범기념관,seoul,용산구,서울특별시 용산구 임정로 26,,
서울특별시 종로구 대학로 101 서울대학교병원 서울대학교 치의학대학원 치의학박물관 1층,치의학박물관,seoul,종로구,서울특별시 종로구 대학로 101,,
서울특별시 종로구 대학로 101 서울대학교병원 의학박물관,치의학박물관,seoul,종로구,서울특별시 종로구 대학로 101,,
서울특별시 종로구 북촌로11길 76,서울특별시 종로구 북촌로11길 76,seoul,종로구,서울특별시 종로구 북촌로11길 76,,
서울특별시 종로구 세종대로 172 5호선 광화문역 지하보도,서울특별시 종로구 세종대로 172 5호선 광화문역 지하보도,seoul,종로구,서울특별시 종로구 세종대로 172,,
서울특별시 종로구 율곡로 283 서울디자인지원센터 1-3층,서울디자인지원센터,seoul,종로구,서울특별시 종로구 율곡로 283,,
서울특별시 종로구 창의문로5길 46-1,서울특별시 종로구 창의문로5길 46-1,seoul,종로구,서울특별시 종로구 창의문로5길 46-1,,
서울특별시 종로구 청계천로 105 전태일기념관,전태일기념관,seoul,종로구,서울특별시 종로구 청계천로 105,,
서울특별시 종로구 효자로13길 45 청와대사랑채,청와대사랑채,seoul,종로구,서울특별시 종로구 효자로13길 45,,
서울특별시 중구 새문안로 16 농협중앙회 중앙본부 사무실,농협중앙회 중앙본부 사무실,seoul,중구,서울특별시 중구 새문안로 16,,
서울특별시 중구 칠패로 5 서소문공원,서소문공원,seoul,중구,서울특별시 중구 칠패로 5,,
성남아트센터 콘서트홀,성남아트센터,gyeonggi,성남시,경기도 성남시 분당구 성남대로 808,,
세종시 다정동 가온마을8단지 다정북로 180,세종시 다정동 가온마을8단지 다정북로 180,sejong,,세종시 다정동 가온마을8단지,,
세종시 아름동 달빛1로 307 투썸플레이스 세종어진점,투썸플레이스 세종어진점,sejong,,세종시 아름동 달빛1로 307,,
송도 해상케이블카,송도 해상케이블카,busan,서구,부산 서구 송도해변로 171,,
송파책박물관,송파책박물관,seoul,송파구,서울 송파구 송파대로37길 77,,
스카이온파이브다이닝,스카이온파이브다이닝,jeju,서귀포시,제주 서귀포시 안덕면 신화역사로304번길 38,,
아트스페이스 흥학관,아트스페이스 흥학관,gwangju,동구,광주 동구 문화전당로35번길 16-4,,
안산(무악산),안산(무악산),seoul,서대문구,서울 서대문구 봉원동 산1,,
안산올림픽기념관 대공연장,안산올림픽기념관,gyeonggi,안산시,경기도 안산시 단원구 적금로 202,,
여수 녹테마레,여수 녹테마레,jeonnam,여수시,전남 여수시 만성로 294 녹테마레,,
용산 전쟁기념관 1층 로비,용산 전쟁기념관,seoul,용산구,서울특별시 용산구 이태원로 29,,
"울산광역시 남구 남부순환도로 111 울산광역시교육연구정보원, 울산과학관",울산과학관,ulsan,남구,울산광역시 남구 남부순환도로 111,,
울산광역시 남구 달동 1332-63 1층 코너ㅡ주차가능,울산광역시 남구 달동 1332-63 1층 코너ㅡ주차가능,ulsan,남구,울산광역시 남구 달동 1332-63,,
울산광역시 남구 무거동 대학로 46,울산광역시 남구 무거동 대학로 46,ulsan,남구,울산광역시 남구 무거동 대학로 46,,
울산광역시 남구 신정동 599-6 1층 레이홉,레이홉,ulsan,남구,울산광역시 남구 신정동 599-6,,
울산광역시 동구 전하2동 691-6 1F 해도방 도예카페,해도방 도예카페,ulsan,동구,울산광역시 동구 전하2동 691-6,,
울산광역시 울주군 범서읍 굴화2길 15,울산광역시 울주군 범서읍 굴화2길 15,ulsan,울주군,울산광역시 울주군 범서읍 굴화2길 15,,
울산광역시 울주군 삼남면 가천리 304-2 1층,울산광역시 울주군 삼남면 가천리 304-2 1층,ulsan,울주군,울산광역시 울주군 삼남면 가천리 304-2,,
울산광역시 울주군 상북면 알프스온천5길 103-8 산악문화센터,산악문화센터,ulsan,울주군,울산광역시 울주군 상북면 알프스온천5길 103-8,,
울산북구문화예술회관,울산북구문화예술회관,ulsan,북구,울산광역시 북구 산업로 1000,,
유동룡미술관(이타미준뮤지엄),유동룡미술관(이타미준뮤지엄),jeju,제주시,제주특별자치도 제주시 한림읍 용금로 906-10,,
유에코(울산전시컨벤션센터),유에코(울산전시컨벤션센터),ulsan,울주군,울산광역시 울주군 삼남읍 울산역로 255,,
유엔평화기념관,유엔평화기념관,busan,남구,부산 남구 홍곡로320번길 106,,
의정부예술의전당 대극장,의정부예술의전당,gyeonggi,의정부시,경기도 의정부시 의정로 1,,
인천 계양구 작전동 도두리로 58 203호,인천 계양구 작전동 도두리로 58 203호,incheon,계양구,인천 계양구 작전동 도두리로 58 203호,,
인천 서구 연희동 청라에메랄드로99 지젤엠청라 지하1층,인천 서구 연희동 청라에메랄드로99 지젤엠청라 지하1층,incheon,서구,인천 서구 연희동 청라에메랄드로99,,
인천 서구 오류동 정서진1로 41  경인아라뱃길여객터미널 105호,인천 서구 오류동 정서진1로 41  경인아라뱃길여객터미널 105호,incheon,서구,인천 서구 오류동 정서진1로 41,,
인천 서구 환경로 42 국립생물자원관,국립생물자원관,incheon,서구,인천 서구 환경로 42,,
인천 의사직업체험 드림닥터,인천 의사직업체험 드림닥터,,,정보 없음,,
인천광역시 강화군 삼산면 삼산남로604번길 6-7 석모도해수온탕,석모도해수온탕,incheon,강화군,인천광역시 강화군 삼산면 삼산남로604번길 6-7,,
인천광역시 강화군 하점면 강화대로 994-19 강화역사박물관,강화역사박물관,incheon,강화군,인천광역시 강화군 하점면 강화대로 994-19,,
인천광역시 계양구 계양산로 101,인천광역시 계양구 계양산로 101,incheon,계양구,인천광역시 계양구 계양산로 101,,
인천광역시 미추홀구 매소홀로 618 문학경기장,문학경기장,incheon,미추홀구,인천광역시 미추홀구 매소홀로 618,,
인천광역시 서구 도요지로 54 녹청자박물관 1~2층,녹청자박물관 1~2층,incheon,서구,인천광역시 서구 도요지로 54,,
인천광역시 연수구 센트럴로 217 국립세계문자박물관,국립세계문자박물관,incheon,연수구,인천광역시 연수구 센트럴로 217,,
인천광역시 연수구 신송로118번길 35 생태학습관 생태교육관,생태학습관 생태교육관,incheon,연수구,인천광역시 연수구 신송로118번길 35,,
인천광역시 중구 신포로23번길 80,인천광역시 중구 신포로23번길 80,incheon,중구,인천광역시 중구 신포로23번길 80,,
인천광역시 중구 신포로23번길 83 진성빌딩,인천광역시 중구 신포로23번길 83 진성빌딩,incheon,중구,인천광역시 중구 신포로23번길 83,,
인천광역시 중구 월미로 294 국립인천해양박물관,국립인천해양박물관,incheon,중구,인천광역시 중구 월미로 294,,
전남 담양군 담양읍 담양88로 428 담양곤충박물관,담양곤충박물관,jeonnam,담양군,전남 담양군 담양읍 담양88로 428,,
전남 여수시 박람회길 1 국제관 A동 3층,전남 여수시 박람회길 1 국제관 A동 3층,jeonnam,여수시,전남 여수시 박람회길 1,,
전라남도 광양시 광장로 112-20 상가동 2층 202호 라움라탄,라움라탄,,광양시,전라남도 광양시 광장로 112-20,,
전라남도 순천시 조곡동 159-14 생태비즈니스센터 2층,생태비즈니스센터,,순천시,전라남도 순천시 조곡동 159-14,,
전라남도 순천시 해룡면 신대리 2052-3 303호,전라남도 순천시 해룡면 신대리 2052-3 303호,,순천시,전라남도 순천시 해룡면 신대리 2052-3,,
전라남도 화순군 화순읍 부처샘길 1-3,전라남도 화순군 화순읍 부처샘길 1-3,,화순군,전라남도 화순군 화순읍 부처샘길 1-3,,
전라북도 전주시 덕진구 송천동1가 107-227 1층 꽃집 르모멍유,꽃집 르모멍유,,전주시,전라북도 전주시 덕진구 송천동1가 107-227,,
전라북도 전주시 완산구 다가동3가 24-12 2층,전라북도 전주시 완산구 다가동3가 24-12 2층,,전주시,전라북도 전주시 완산구 다가동3가 24-12,,
"전라북도 전주시 완산구 동문길 72-1 1층 기쁨,가득","기쁨,가득",,전주시,전라북도 전주시 완산구 동문길 72-1,,
전북특별자치도 고창군,전북특별자치도 고창군,jeonbuk,고창군,전북특별자치도 고창군,,
전북특별자치도 남원시 운봉읍 운봉로 147-11 백두대간 유아숲체험원,백두대간 유아숲체험원,jeonbuk,남원시,전북특별자치도 남원시 운봉읍 운봉로 147-11,,
전북특별자치도 남원시 운봉읍 운봉로 151,전북특별자치도 남원시 운봉읍 운봉로 151,jeonbuk,남원시,전북특별자치도 남원시 운봉읍 운봉로 151,,
전북특별자치도 전주시 덕진구 팔복로 59 (주)전주페이퍼 전주한지박물관,전주페이퍼 전주한지박물관,jeonbuk,전주시,전북특별자치도 전주시 덕진구 팔복로 59,,
전북특별자치도 전주시 완산구 홍산4길 6 골든시티 506호,전북특별자치도 전주시 완산구 홍산4길 6 골든시티 506호,jeonbuk,전주시,전북특별자치도 전주시 완산구 홍산4길 6,,
전북특별자치도 정읍시 내장산로 370-12 정읍시립박물관 정읍시립박물관,정읍시립박물관,jeonbuk,정읍시,전북특별자치도 정읍시 내장산로 370-12,,
전주시 완산구 효자4동 척동1길,전주시 완산구 효자4동 척동1길,,완산구,전주시 완산구 효자4동 척동1길,,
제주 그리스신화박물관＆트릭아이 미술관,제주 그리스신화박물관＆트릭아이 미술관,jeju,제주시,제주 제주시 한림읍 광산로 942,,
제주 무지개요트,제주 무지개요트,jeju,제주시,제주특별자치도 제주시 도두항길 28-12,,
제주 선녀와나무꾼,제주 선녀와나무꾼,jeju,제주시,제주특별자치도 제주시 조천읍 선교로 267,,
제주 소인국 테마파크,제주 소인국 테마파크,jeju,서귀포시,제주특별자치도 서귀포시 안덕면 화순서동로 347,,
제주 스누피가든,제주 스누피가든,jeju,제주시,제주특별자치도 제주시 구좌읍 금백조로 930,,
제주 오레브스파,제주 오레브스파,jeju,서귀포시,제주특별자치도 서귀포시 태평로 152,,
제주 점보빌리지,제주 점보빌리지,jeju,서귀포시,제주특별자치도 서귀포시 안덕면 평화로319번길 31-11,,
제주 허브동산,제주 허브동산,jeju,서귀포시,제주특별자치도 서귀포시 표선면 돈오름로 170,,
제주도 서귀포시 남원읍 태위로 238,제주도 서귀포시 남원읍 태위로 238,jeju,서귀포시,제주도 서귀포시 남원읍 태위로 238,,
제주도 서귀포시 대천동 2929-9,제주도 서귀포시 대천동 2929-9,jeju,서귀포시,제주도 서귀포시 대천동 2929-9,,
제주도 서귀포시 성산읍 신산리 1085-4 102호 별빛작업실,별빛작업실,jeju,서귀포시,제주도 서귀포시 성산읍 신산리 1085-4,,
제주도 서귀포시 신효동 효돈로123번길 21-1,제주도 서귀포시 신효동 효돈로123번길 21-1,jeju,서귀포시,제주도 서귀포시 신효동 효돈로123번길 21-1,,
제주도 서귀포시 안덕면 사계리 사계북로51번길,제주도 서귀포시 안덕면 사계리 사계북로51번길,jeju,서귀포시,제주도 서귀포시 안덕면 사계리 사계북로51번길,,
"제주도 서귀포시 하효동 효돈순환로 217-6, 1층","제주도 서귀포시 하효동 효돈순환로 217-6, 1층",jeju,서귀포시,"제주도 서귀포시 하효동 효돈순환로 217-6, 1층",,
제주도 제주시 구좌읍 동복로 56-3,제주도 제주시 구좌읍 동복로 56-3,jeju,제주시,제주도 제주시 구좌읍 동복로 56-3,,
제주도 제주시 도두동 도두3길,제주도 제주시 도두동 도두3길,jeju,제주시,제주도 제주시 도두동 도두3길,,
제주도 제주시 도두동 도두3길28 아트공간길,아트공간길,jeju,제주시,제주도 제주시 도두동 도두3길28,,
제주도 제주시 애월읍 하가리 978 봄의손메,봄의손메,jeju,제주시,제주도 제주시 애월읍 하가리 978,,
제주도 제주시 연동 삼무로1길 10,제주도 제주시 연동 삼무로1길 10,jeju,제주시,제주도 제주시 연동 삼무로1길 10,,
제주도 제주시 오라일동,제주도 제주시 오라일동,jeju,제주시,제주도 제주시 오라일동,,
제주도 제주시 용담이동 464-12 1층 스튜디오 유랑,스튜디오 유랑,jeju,제주시,제주도 제주시 용담이동 464-12,,
"제주도 제주시 이도2동 1180-12 3층, 아일랜드터프팅",아일랜드터프팅,jeju,제주시,제주도 제주시 이도2동 1180-12,,
제주특별자치도 서귀포시 대정읍 비행장로35번길 16 갈색대문 돌담집,갈색대문 돌담집,jeju,서귀포시,제주특별자치도 서귀포시 대정읍 비행장로35번길 16,,
제주특별자치도 서귀포시 안덕면 중산간서로 1610 세계자동차 제주박물관 세계자동차 제주박물관,세계자동차 제주박물관,jeju,서귀포시,제주특별자치도 서귀포시 안덕면 중산간서로 1610,,
제주특별자치도 서귀포시 월드컵로 33 제주월드컵경기장,제주월드컵경기장,jeju,서귀포시,제주특별자치도 서귀포시 월드컵로 33,,
제주특별자치도 제주시 구좌읍 일주동로 2706-27 오리온제주용암수,오리온제주용암수,jeju,제주시,제주특별자치도 제주시 구좌읍 일주동로 2706-27,,
제주특별자치도 제주시 도두일동 1809-1 아트공간길,아트공간길,jeju,제주시,제주특별자치도 제주시 도두일동 1809-1,,
제주특별자치도 제주시 산록북로 421-1 제주과학고등학교,제주과학고등학교,jeju,제주시,제주특별자치도 제주시 산록북로 421-1,,
제주특별자치도 제주시 선돌목동길 60 별빛누리공원,별빛누리공원,jeju,제주시,제주특별자치도 제주시 선돌목동길 60,,
제주특별자치도 제주시 애월읍 평화로 1885,제주특별자치도 제주시 애월읍 평화로 1885,jeju,제주시,제주특별자치도 제주시 애월읍 평화로 1885,,
제주특별자치도 제주시 애월읍 하가리 978 봄의손메,봄의손메,jeju,제주시,제주특별자치도 제주시 애월읍 하가리 978,,
제주특별자치도 제주시 연동 1483 행복이가득한집 지하상가 타라공방,행복이가득한집 지하상가 타라공방,jeju,제주시,제주특별자치도 제주시 연동 1483,,
제주특별자치도 제주시 연동 443 행복이가득한집 지하상가,행복이가득한집 지하상가,jeju,제주시,제주특별자치도 제주시 연동 443,,
제주특별자치도 제주시 연동 443 행복이가득한집 지하상가 타라공방,행복이가득한집 지하상가,jeju,제주시,제주특별자치도 제주시 연동 443,,
제주특별자치도 제주시 연동 495-3 행복이가득한집 지하상가 타라공방,행복이가득한집 지하상가,jeju,제주시,제주특별자치도 제주시 연동 443,,
제주특별자치도 제주시 조천읍 조함해안로 378 메르빌 함덕잠수함 컨테이너,메르빌 함덕잠수함 컨테이너,jeju,제주시,제주특별자치도 제주시 조천읍 조함해안로 378,,
주소: 대구 달성군 유가읍 테크노대로6길 20 국립대구과학관 본관 1층 상설전시 1관에서 집결,국립대구과학관,daegu,달성군,대구 달성군 유가읍 테크노대로6길 20,,
참소리축음기＆에디슨과학박물관,참소리축음기＆에디슨과학박물관,gangwon,강릉시,강원특별자치도 강릉시 경포로 393,,
천안예술의전당 대공연장,천안예술의전당 대공연장,chungnam,천안시,충남 천안시 동남구 성남면 종합휴양지로 185,,
청주 쿵스 롤러스케이트장,청주 쿵스 롤러스케이트장,,청주시,충청북도 청주시 상당구 성안로 19-2,,
춘천 한림대학교 일송아트홀,춘천 한림대학교 일송아트홀,gangwon,춘천시,강원 춘천시 한림대학길 1,,
춘천시 남산면 방하리 197번지 남이섬내 춘천시 강원도 KR,춘천시 남산면 방하리 197번지 남이섬내,,,춘천시 남산면 방하리 197번지,,
충남 아산시 실옥로 216,충남 아산시 실옥로 216,chungnam,아산시,충남 아산시 실옥로 216,,
충청남도 논산시 연산면 선비로604번길 27 아바바 커피 농장,아바바 커피 농장,,논산시,충청남도 논산시 연산면 선비로604번길 27,,
충청남도 논산시 연산면 선비로604번길 27 아바바 커피농장,아바바 커피 농장,,논산시,충청남도 논산시 연산면 선비로604번길 27,,
충청남도 아산시 온천동 81-15 1층 예진아트공방,예진아트공방,,아산시,충청남도 아산시 온천동 81-15,,
충청남도 천안시 동남구 먹거리8길 9 1층 뤼미에르 퍼퓸 천안,뤼미에르 퍼퓸 천안,,천안시,충청남도 천안시 동남구 먹거리8길 9,,
충청남도 천안시 동남구 원거리11길 17 1층 101호,충청남도 천안시 동남구 원거리11길 17 1층 101호,,천안시,충청남도 천안시 동남구 원거리11길 17,,
충청남도 천안시 서북구 불당동 720 한나프라자 8층,충청남도 천안시 서북구 불당동 720 한나프라자 8층,,천안시,충청남도 천안시 서북구 불당동 720,,
충청북도 청주시 상당구 북문로2가 114-14 3번출구 카페,충청북도 청주시 상당구 북문로2가 114-14 3번출구 카페,,청주시,충청북도 청주시 상당구 북문로2가 114-14,,
충청북도 청주시 상당구 석교동 3-3 1층,충청북도 청주시 상당구 석교동 3-3 1층,,청주시,충청북도 청주시 상당구 석교동 3-3,,
충청북도 청주시 상당구 율량동 807-7 커피미각,커피미각,,청주시,충청북도 청주시 상당구 율량동 807-7,,
충청북도 청주시 흥덕구 복대동 3379 지웰시티,충청북도 청주시 흥덕구 복대동 3379 지웰시티,,청주시,충청북도 청주시 흥덕구 복대동 3379,,
충청북도 청주시 흥덕구 봉명동 543-3 직지시장 내,충청북도 청주시 흥덕구 봉명동 543-3 직지시장 내,,청주시,충청북도 청주시 흥덕구 봉명동 543-3,,
충청북도 청주시 흥덕구 증안로22번길 13-5 층 올대디,올대디,,청주시,충청북도 청주시 흥덕구 증안로22번길 13-5,,
충청북도 청주시 흥덕구 직지대로639번길 91,충청북도 청주시 흥덕구 직지대로639번길 91,,청주시,충청북도 청주시 흥덕구 직지대로639번길 91,,
카페 데쎄르룸,카페 데쎄르룸,seoul,강남구,서울 강남구 봉은사로51길 13,,
컬러온스튜디오,컬러온스튜디오,seoul,성동구,서울 성동구 연무장길 76,,
통영 스카이라인루지,통영 스카이라인루지,,통영시,경상남도 통영시 발개로 178,,
파밀리아플라워&까페,파밀리아플라워&까페,gyeonggi,김포시,경기도 김포시 김포한강7로22번길 174-80,,
펫푸드스쿨,펫푸드스쿨,incheon,부평구,인천 부평구 장제로 196 (부평동),,
현대백화점 미아점 10층 문화홀,현대백화점 미아점,seoul,성북구,서울특별시 성북구 동소문로 315,,
호텔인터불고 대구 컨벤션홀,호텔인터불고 대구 컨벤션홀,daegu,수성구,대구 수성구 팔현길 212,,
황룡사 역사 문화관,황룡사 역사 문화관,gyeongbuk,경주시,경북 경주시 임해로 64-19,,
