Original,TranslationFormula
판타지 버블쇼 [김포],"=GOOGLETRANSLATE(A2, ""ko"", ""ja"")"
김포한강괜찮은홀,"=GOOGLETRANSLATE(A3, ""ko"", ""ja"")"
경기도 김포시 양촌읍 석모로 103 (석모리),"=GOOGLETRANSLATE(A4, ""ko"", ""ja"")"
히든퍼즐 [대학로],"=GOOGLETRANSLATE(A5, ""ko"", ""ja"")"
소셜베뉴 라움 체임버홀,"=GOOGLETRANSLATE(A6, ""ko"", ""ja"")"
서울 강남구 언주로 564,"=GOOGLETRANSLATE(A7, ""ko"", ""ja"")"
월드아트 서커스 [당진],"=GOOGLETRANSLATE(A8, ""ko"", ""ja"")"
월드아트 서커스,"=GOOGLETRANSLATE(A9, ""ko"", ""ja"")"
충청남도 당진시 신평면 삽교천길 90-16,"=GOOGLETRANSLATE(A10, ""ko"", ""ja"")"
"서울시발레단, 더블 빌: Bliss & Jakie","=GOOGLETRANSLATE(A11, ""ko"", ""ja"")"
세종문화회관 세종M씨어터,"=GOOGLETRANSLATE(A12, ""ko"", ""ja"")"
토요명품,"=GOOGLETRANSLATE(A13, ""ko"", ""ja"")"
노인의 꿈 [서울 강서],"=GOOGLETRANSLATE(A14, ""ko"", ""ja"")"
LG아트센터 서울 U+ 스테이지,"=GOOGLETRANSLATE(A15, ""ko"", ""ja"")"
판타스틱 체인지,"=GOOGLETRANSLATE(A16, ""ko"", ""ja"")"
맥거핀 서교,"=GOOGLETRANSLATE(A17, ""ko"", ""ja"")"
서울특별시 마포구 양화로7길 28(서교동),"=GOOGLETRANSLATE(A18, ""ko"", ""ja"")"
"주말(휴일) 관람권 29,000원
평일 관람권 25,000원","=GOOGLETRANSLATE(A19, ""ko"", ""ja"")"
청춘 온에어 [대학로],"=GOOGLETRANSLATE(A20, ""ko"", ""ja"")"
에이치씨어터 익스트림씨어터 2관,"=GOOGLETRANSLATE(A21, ""ko"", ""ja"")"
서울 종로구 이화장길 54,"=GOOGLETRANSLATE(A22, ""ko"", ""ja"")"
아빠와 딸 [대학로],"=GOOGLETRANSLATE(A23, ""ko"", ""ja"")"
세우아트센터 2관,"=GOOGLETRANSLATE(A24, ""ko"", ""ja"")"
서울 종로구 대학로12길 49,"=GOOGLETRANSLATE(A25, ""ko"", ""ja"")"
시그널,"=GOOGLETRANSLATE(A26, ""ko"", ""ja"")"
아신극장 2관 (2층),"=GOOGLETRANSLATE(A27, ""ko"", ""ja"")"
스페셜 보잉보잉 [대학로],"=GOOGLETRANSLATE(A28, ""ko"", ""ja"")"
빨래: 31차 프로덕션,"=GOOGLETRANSLATE(A29, ""ko"", ""ja"")"
유니플렉스 2관(중극장),"=GOOGLETRANSLATE(A30, ""ko"", ""ja"")"
스폿라이트 [대학로],"=GOOGLETRANSLATE(A31, ""ko"", ""ja"")"
서울특별시 종로구 대명1길 7 (명륜4가),"=GOOGLETRANSLATE(A32, ""ko"", ""ja"")"
꿀벌 마야의 모험 [용인],"=GOOGLETRANSLATE(A33, ""ko"", ""ja"")"
"전석 44,000원","=GOOGLETRANSLATE(A34, ""ko"", ""ja"")"
흉터 [서울 홍대],"=GOOGLETRANSLATE(A35, ""ko"", ""ja"")"
홍대 씨어터 윤,"=GOOGLETRANSLATE(A36, ""ko"", ""ja"")"
서울특별시 마포구 와우산로 147-1 (서교동),"=GOOGLETRANSLATE(A37, ""ko"", ""ja"")"
반짝 반짝 라푼젤 [대학로],"=GOOGLETRANSLATE(A38, ""ko"", ""ja"")"
매직 사이언스 콘서트 [대학로],"=GOOGLETRANSLATE(A39, ""ko"", ""ja"")"
터치 파이브 (TOUCH FIVE),"=GOOGLETRANSLATE(A40, ""ko"", ""ja"")"
TOUCH FIVE 전용관,"=GOOGLETRANSLATE(A41, ""ko"", ""ja"")"
서울특별시 마포구 와우산로 76-1 (서교동),"=GOOGLETRANSLATE(A42, ""ko"", ""ja"")"
"VVIP석 129,000원
VIP석 110,000원
R석 99,000원
S석 77,000원
스탠딩석 55,000원
SPECIAL ROOM 800,000원","=GOOGLETRANSLATE(A43, ""ko"", ""ja"")"
썸데이 [청주],"=GOOGLETRANSLATE(A44, ""ko"", ""ja"")"
소극장 쇠내골,"=GOOGLETRANSLATE(A45, ""ko"", ""ja"")"
충청북도 청주시 상당구 단재로 28,"=GOOGLETRANSLATE(A46, ""ko"", ""ja"")"
701호 [대학로],"=GOOGLETRANSLATE(A47, ""ko"", ""ja"")"
서울특별시 종로구 이화장길 86-11(동숭동),"=GOOGLETRANSLATE(A48, ""ko"", ""ja"")"
반짝반짝 신데렐라,"=GOOGLETRANSLATE(A49, ""ko"", ""ja"")"
아기돼지삼형제: 늑대숲 또옹돼지 원정대 [대학로],"=GOOGLETRANSLATE(A50, ""ko"", ""ja"")"
어린이 마술쇼 [수원 광교],"=GOOGLETRANSLATE(A51, ""ko"", ""ja"")"
매직앤조이 (10F),"=GOOGLETRANSLATE(A52, ""ko"", ""ja"")"
경기 수원시 영통구 광교중앙로 124,"=GOOGLETRANSLATE(A53, ""ko"", ""ja"")"
"전석 28,000원","=GOOGLETRANSLATE(A54, ""ko"", ""ja"")"
페인터즈 [서대문전용관],"=GOOGLETRANSLATE(A55, ""ko"", ""ja"")"
NH아트홀,"=GOOGLETRANSLATE(A56, ""ko"", ""ja"")"
서울특별시 중구 통일로 120 (충정로1가),"=GOOGLETRANSLATE(A57, ""ko"", ""ja"")"
"VIP석 70,000원
R석 50,000원","=GOOGLETRANSLATE(A58, ""ko"", ""ja"")"
2호선 세입자 [대학로],"=GOOGLETRANSLATE(A59, ""ko"", ""ja"")"
바탕골소극장,"=GOOGLETRANSLATE(A60, ""ko"", ""ja"")"
내일은 내일에게 [대학로],"=GOOGLETRANSLATE(A61, ""ko"", ""ja"")"
썸데이 [대학로],"=GOOGLETRANSLATE(A62, ""ko"", ""ja"")"
대학로 무하아트센터,"=GOOGLETRANSLATE(A63, ""ko"", ""ja"")"
서울특별시 종로구 이화장길 72 (동숭동),"=GOOGLETRANSLATE(A64, ""ko"", ""ja"")"
난타 [명동],"=GOOGLETRANSLATE(A65, ""ko"", ""ja"")"
사춘기메들리 [대학로],"=GOOGLETRANSLATE(A66, ""ko"", ""ja"")"
나의PS파트너,"=GOOGLETRANSLATE(A67, ""ko"", ""ja"")"
베어만: 마지막잎새,"=GOOGLETRANSLATE(A68, ""ko"", ""ja"")"
어린이 마술쇼 [인천 송도],"=GOOGLETRANSLATE(A69, ""ko"", ""ja"")"
미리내 마술극단,"=GOOGLETRANSLATE(A70, ""ko"", ""ja"")"
인천 연수구 송도과학로16번길 33-4,"=GOOGLETRANSLATE(A71, ""ko"", ""ja"")"
"전석 23,000원","=GOOGLETRANSLATE(A72, ""ko"", ""ja"")"
천로역정,"=GOOGLETRANSLATE(A73, ""ko"", ""ja"")"
요리하는 마술사 [부천],"=GOOGLETRANSLATE(A74, ""ko"", ""ja"")"
부천소극장,"=GOOGLETRANSLATE(A75, ""ko"", ""ja"")"
경기도 부천시 중동로254번길 87 (중동),"=GOOGLETRANSLATE(A76, ""ko"", ""ja"")"
오마이갓 [전용관],"=GOOGLETRANSLATE(A77, ""ko"", ""ja"")"
오마이갓 전용관,"=GOOGLETRANSLATE(A78, ""ko"", ""ja"")"
서울특별시 종로구 동숭길 68 (동숭동),"=GOOGLETRANSLATE(A79, ""ko"", ""ja"")"
햇님이 달님이,"=GOOGLETRANSLATE(A80, ""ko"", ""ja"")"
The entry to JAZZ [서울 사당],"=GOOGLETRANSLATE(A81, ""ko"", ""ja"")"
entry55,"=GOOGLETRANSLATE(A82, ""ko"", ""ja"")"
서울특별시 동작구 동작대로1길 18(사당동),"=GOOGLETRANSLATE(A83, ""ko"", ""ja"")"
아기돼지야 준비해!,"=GOOGLETRANSLATE(A84, ""ko"", ""ja"")"
빌의 구둣방,"=GOOGLETRANSLATE(A85, ""ko"", ""ja"")"
한뼘사이 [라온아트홀],"=GOOGLETRANSLATE(A86, ""ko"", ""ja"")"
연극라면,"=GOOGLETRANSLATE(A87, ""ko"", ""ja"")"
요리하는 마술사 [대학로],"=GOOGLETRANSLATE(A88, ""ko"", ""ja"")"
맛있는 극장,"=GOOGLETRANSLATE(A89, ""ko"", ""ja"")"
서울특별시 종로구 혜화로 4 (혜화동),"=GOOGLETRANSLATE(A90, ""ko"", ""ja"")"
"빨간모자야 조심해! [청주, 세종]","=GOOGLETRANSLATE(A91, ""ko"", ""ja"")"
택시안에서,"=GOOGLETRANSLATE(A92, ""ko"", ""ja"")"
겨울왕국: 겨울이야기,"=GOOGLETRANSLATE(A93, ""ko"", ""ja"")"
인천동구문화체육센터 공연장,"=GOOGLETRANSLATE(A94, ""ko"", ""ja"")"
인천 동구 송현로 98,"=GOOGLETRANSLATE(A95, ""ko"", ""ja"")"
"제250회 울산시립교향악단 호국보훈 기념 정기연주회, 인류를 위한 기도: a Payer for Humanity","=GOOGLETRANSLATE(A96, ""ko"", ""ja"")"
울산문화예술회관 대공연장,"=GOOGLETRANSLATE(A97, ""ko"", ""ja"")"
흥부와 놀부 [서산],"=GOOGLETRANSLATE(A98, ""ko"", ""ja"")"
서산문화원 공연장,"=GOOGLETRANSLATE(A99, ""ko"", ""ja"")"
흙의 소리 훈의소리: 훈기상화,"=GOOGLETRANSLATE(A100, ""ko"", ""ja"")"
"Noir, L'historirde S [대학로]","=GOOGLETRANSLATE(A101, ""ko"", ""ja"")"
연극실험실 혜화동1번지,"=GOOGLETRANSLATE(A102, ""ko"", ""ja"")"
서울특별시 종로구 창경궁로35길 7 (혜화동),"=GOOGLETRANSLATE(A103, ""ko"", ""ja"")"
제1회 허서원 가야금 독주회: 정중동,"=GOOGLETRANSLATE(A104, ""ko"", ""ja"")"
미녀와 야수 [파주],"=GOOGLETRANSLATE(A105, ""ko"", ""ja"")"
서공철류 가야금산조 전바탕: 전지영의 농음,"=GOOGLETRANSLATE(A106, ""ko"", ""ja"")"
이화경 피아노 독주회,"=GOOGLETRANSLATE(A107, ""ko"", ""ja"")"
우리 죽어 깨어날 때,"=GOOGLETRANSLATE(A108, ""ko"", ""ja"")"
"R석 40,000원
S석 20,000원","=GOOGLETRANSLATE(A109, ""ko"", ""ja"")"
"제222회 포항시립교향악단 정기연주회: 벨칸토, 아름다운 노래","=GOOGLETRANSLATE(A110, ""ko"", ""ja"")"
포항문화예술회관 대공연장,"=GOOGLETRANSLATE(A111, ""ko"", ""ja"")"
경북 포항시 남구 희망대로 850,"=GOOGLETRANSLATE(A112, ""ko"", ""ja"")"
부산CBS교향악단과 함께하는 CBS콘서트: 출항,"=GOOGLETRANSLATE(A113, ""ko"", ""ja"")"
재) 영화의전당 (하늘연극장,"=GOOGLETRANSLATE(A114, ""ko"", ""ja"")"
부산 해운대구 수영강변대로 120,"=GOOGLETRANSLATE(A115, ""ko"", ""ja"")"
제로 쉴드 제로,"=GOOGLETRANSLATE(A116, ""ko"", ""ja"")"
놀터예술공방,"=GOOGLETRANSLATE(A117, ""ko"", ""ja"")"
서울특별시 성북구 성북로2길 21 - 0 태고종선부암,"=GOOGLETRANSLATE(A118, ""ko"", ""ja"")"
친친탱고 정규1집 쇼케이스 투어: Tango del Mar,"=GOOGLETRANSLATE(A119, ""ko"", ""ja"")"
카인드서울,"=GOOGLETRANSLATE(A120, ""ko"", ""ja"")"
서울특별시 성동구 연무장길 28-12 (성수동2가),"=GOOGLETRANSLATE(A121, ""ko"", ""ja"")"
김명현 피아노 독주회,"=GOOGLETRANSLATE(A122, ""ko"", ""ja"")"
"[프로그램]
 
 C. Schumann - 4 Pièces fugitives, Op.15
 R. Schumann - Carnaval, Op.9
 
Intermission

김동명 - Paradox of Reflection for Piano (2026, 초연)
A. Scriabin - Piano Sonata No. 2 in G-sharp Minor, Op. 19
A. Scriabin - Piano Sonata No. 5, Op. 53","=GOOGLETRANSLATE(A123, ""ko"", ""ja"")"
"지브리를 품은 클래식: 가족, 우리들의 노래","=GOOGLETRANSLATE(A124, ""ko"", ""ja"")"
유하 3집 발매 기념 단독 콘서트: Alive!,"=GOOGLETRANSLATE(A125, ""ko"", ""ja"")"
웨인 맥그리거 무용단의 마인드 & 무브먼트 워크숍,"=GOOGLETRANSLATE(A126, ""ko"", ""ja"")"
제54회 우리가곡연구회 정기연주회,"=GOOGLETRANSLATE(A127, ""ko"", ""ja"")"
"[Program]

*소리의 만남, 하나 되는 기쁨

우리가곡은 단순한 노래를 넘어, 한국인의 삶과 감정을 고스란히 담아내는 소중한 우리의 유산입니다. 이번 연주회는 우리가곡을 대표하는 시대별 작곡가들의 곡을 관객들이 친숙하게 접할 수 있도록 독창과 듀엣, 그리고 4중창 등 다채로운 스테이지로 구성해 보았습니다. 또한 이번 연주회는 관객들과 함께 부르는 가곡으로 마무리하며 모두가 하나 되어 우리가곡을 기념하고, 기리고자 합니다.

#1. 윤학준
마중 Sop.김원진
잔향 Sop.박경희
별 Sop.오지혜
나 하나 꽃피어 Sop.이현민, Sop.정선희, Sop.오지혜, Sop.백승민

#2. 신상우
진달래꽃 Sop.김현심
인생 Ten.이태원

#3. 이흥렬
바위고개 Sop.이주리
꽃구름속에 Sop.김원진, Sop.이주리, M.Sop.최부경
코스모스를 노래함 Sop.박경희, Sop.성이현

-휴식-

#4. 조두남
산 Ten.박찬우
새타령 Sop.정선희
선구자 Sop.김현심, Ten.이태원

#5. 조혜영
못잊어 Sop.연예슬

#6. 김홍
달빛아래 Sop.백승민
꽃잎 인연 Sop.이현민

#7. 이수인
고향의노래 Sop.성이현
그리움 M.Sop.최부경
사랑의 노래 Sop.연예슬, Ten.박찬우","=GOOGLETRANSLATE(A128, ""ko"", ""ja"")"
제5회 단국대학교 일반대학원 국악학과 정기연주회,"=GOOGLETRANSLATE(A129, ""ko"", ""ja"")"
제38회 용인시립청소년오케스트라 정기연주회 [용인],"=GOOGLETRANSLATE(A130, ""ko"", ""ja"")"
"24시간 프로젝트 시즌9, 콰르텟 레아","=GOOGLETRANSLATE(A131, ""ko"", ""ja"")"
"[PROGRAM]
Ludwig van Beethoven (1770-1827)
String Quartet No.4 in C minor, Op.18
1. Allegro ma non tanto
2. Andante scherzoso quasi Allegretto
3. Minuetto. Allegretto
4. Allegro

Dmitri Shostakovich (1906-1975)
String Quartet No.8 in C minor, Op.110
1. Largo
2. Allegro molto
3. Allegretto
4. Largo
5. Largo

※ 프로그램은 연주자의 사정에 의해 변경될 수 있습니다.","=GOOGLETRANSLATE(A132, ""ko"", ""ja"")"
"제1156회 하우스콘서트, 배길","=GOOGLETRANSLATE(A133, ""ko"", ""ja"")"
"[PROGRAM]

Johann Sebastian Bach (1685-1750) 
Goldberg Variations, BWV 988
Aria
Variatio 1. a 1 Clav.
Variatio 2. a 1 Clav.
Variatio 3. Canone all’Unisuono a 1 Clav.
Variatio 4. a 1 Clav.
Variatio 5. a 1 o vero 2 Clav.
Variatio 6. Canone alla Seconda a 1 Clav.
Variatio 7. a 1 o vero 2 Clav. Al tempo di Giga
Variatio 8. a 2 Clav.
Variatio 9. Canone alla Terza a 1 Clav.
Variatio 10. Fughetta a 1 Clav.
Variatio 11. a 2 Clav.
Variatio 12. Canone alla Quarta in moto contrario a 1 Clav.
Variatio 13. a 2 Clav.
Variatio 14. a 2 Clav.
Variatio 15. Canone alla Quinta a 1 Clav.: Andante
Variatio 16. Ouverture a 1 Clav.
Variatio 17. a 2 Clav.
Variatio 18. Canone alla Sesta a 1 Clav.
Variatio 19. a 1 Clav.
Variatio 20. a 2 Clav.
Variatio 21. Canone alla Settima a 1 Clav.
Variatio 22. a 1 Clav. alla breve
Variatio 23. a 2 Clav.
Variatio 24. Canone all'Ottava a 1 Clav.
Variatio 25. a 2 Clav.: Adagio
Variatio 26. a 2 Clav.
Variatio 27. Canone alla Nona a 2 Clav.
Variatio 28. a 2 Clav.
Variatio 29. a 1 o vero 2 Clav.
Variatio 30. Quodlibet a 1 Clav.
Aria da Capo

※프로그램은 연주자의 사정에 의해 변경될 수 있습니다.","=GOOGLETRANSLATE(A134, ""ko"", ""ja"")"
제47회 용인시립소년소녀합창단 정기연주회 [용인],"=GOOGLETRANSLATE(A135, ""ko"", ""ja"")"
센텀아트홀 명품 ART 키즈콘서트: Animal Story,"=GOOGLETRANSLATE(A136, ""ko"", ""ja"")"
센텀아트홀,"=GOOGLETRANSLATE(A137, ""ko"", ""ja"")"
부산광역시 해운대구 센텀중앙로 97 (재송동),"=GOOGLETRANSLATE(A138, ""ko"", ""ja"")"
"[공연소개]
어린이날 특별 공연 안내
아이들의 웃음소리로 가득 찰
센텀아트홀의 특별한 하루

아이와 손잡고
동물 친구들을 만나러 가는 음악 여행

어린이날을 맞아
센텀아트홀에서 준비한
명품 ART 키즈 콘서트 <Animal Story>

사자의 행진이 울려 퍼지고
수족관 속 물고기들이 춤추고
백조의 아름다운 선율이 흐르는 순간,
아이들은 음악 속에서
상상하고, 웃고, 함께 움직입니다.

디즈니 음악에 맞춰 춤추고,
동요를 함께 부르며 율동도 하고,
마지막에는 직접 악기 체험까지 
공연을 보는 시간이 아니라
아이와 함께 추억을 만드는 시간입니다.
어린이날,
우리 아이에게
음악으로 기억될 하루를 선물해주세요.","=GOOGLETRANSLATE(A139, ""ko"", ""ja"")"
분홍립스틱 [익산],"=GOOGLETRANSLATE(A140, ""ko"", ""ja"")"
익산예술의전당 대공연장,"=GOOGLETRANSLATE(A141, ""ko"", ""ja"")"
전북 익산시 동서로 490,"=GOOGLETRANSLATE(A142, ""ko"", ""ja"")"
"쌀롱드무지끄, 살롱 드 라곰: 클래식과 스크린으로 물드는 오후","=GOOGLETRANSLATE(A143, ""ko"", ""ja"")"
"[PROGRAM]

* Edward Elgar /  Salut d'Amour (사랑의 인사)

* Chris Martin ,Jonny Buckland , Guy Berryman , Will Champion / Viva la Vida

* Hugo Peretti , Luigi Creatore , George David Weiss / Can't Help Falling in Love

* Richard Rodgers / The Sound of Music

* Joe Hisaishi / Kazabue 

*Ennio Morricone / Nella Fantasia

* Justin Hurwitz / La La Land OST Medley","=GOOGLETRANSLATE(A144, ""ko"", ""ja"")"
"유포늄의 울림, 마음에 닿다","=GOOGLETRANSLATE(A145, ""ko"", ""ja"")"
"[공연소개]
Euphonium이라는 (금관)악기는 그리스어로 아름다운 소리입니다. 
보통 금관 악기 하면 시끄럽고 듣기 어렵다고 많이들 생각합니다. 
저는 다가오는 공연에서 그런 편견을 다 바꿔 드리겠습니다.

[PROGRAM]
* Heart In Heart / Ivor Bosanko

* Euphonium Concerto / Satoshi Yagisawa

* Once Upon A Time / Steven Verhelst

* Portas / Ricardo Molla Albero

* Belen / Ricardo Molla Albero

* The Overton Window / Ricardo Molla Albero","=GOOGLETRANSLATE(A146, ""ko"", ""ja"")"
오아라 피아노 독주회,"=GOOGLETRANSLATE(A147, ""ko"", ""ja"")"
"적우 전국투어콘서트: 보고싶다, 제주","=GOOGLETRANSLATE(A148, ""ko"", ""ja"")"
코코 컬쳐클럽 야외무대,"=GOOGLETRANSLATE(A149, ""ko"", ""ja"")"
제주특별자치도 서귀포시 성산읍 환해장성로 201,"=GOOGLETRANSLATE(A150, ""ko"", ""ja"")"
"VIP석 100,000원
R석 80,000원","=GOOGLETRANSLATE(A151, ""ko"", ""ja"")"
"모닝콘서트, 세계적인 재즈 피아니스트 조윤성 Jazz트리오 with 허성: 초여름의 재즈 콘서트 [창원] (6월)","=GOOGLETRANSLATE(A152, ""ko"", ""ja"")"
성산아트홀 소극장,"=GOOGLETRANSLATE(A153, ""ko"", ""ja"")"
우리 아이가 달라졌어요 [부천],"=GOOGLETRANSLATE(A154, ""ko"", ""ja"")"
한국만화박물관 만화영화상영관,"=GOOGLETRANSLATE(A155, ""ko"", ""ja"")"
경기 부천시 원미구 길주로 1,"=GOOGLETRANSLATE(A156, ""ko"", ""ja"")"
"모닝콘서트, 작곡가 윤일상의 어느 일상 콘서트 [창원] (5월)","=GOOGLETRANSLATE(A157, ""ko"", ""ja"")"
제40회 김천시립국악단 정기연주회: 국악ZIP 집대성,"=GOOGLETRANSLATE(A158, ""ko"", ""ja"")"
김천시립율곡도서관 율곡홀 (다목적강당),"=GOOGLETRANSLATE(A159, ""ko"", ""ja"")"
경북 김천시 용전1로1길 17,"=GOOGLETRANSLATE(A160, ""ko"", ""ja"")"
빈센트 옹 리사이틀,"=GOOGLETRANSLATE(A161, ""ko"", ""ja"")"
"[PROGRAM]
Chopin: Preludes, op. 28   (37')
쇼팽  프렐류드 작품28

Intermission

Mendelssohn: Lieder ohne Worte op. 102  ( 15')
멘델스존     무언가 작품102

Prokofiev: Sonata no. 8  (30')
프로코피예프   소나타8번

*연주자의 사정에 따라 프로그램은 변경될 수 있습니다*","=GOOGLETRANSLATE(A162, ""ko"", ""ja"")"
인어공주 [서울 구로],"=GOOGLETRANSLATE(A163, ""ko"", ""ja"")"
제251회 울산시립교향악단 정기연주회: 불멸의 순간 (an Immortal Moment),"=GOOGLETRANSLATE(A164, ""ko"", ""ja"")"
임재경 작곡발표회,"=GOOGLETRANSLATE(A165, ""ko"", ""ja"")"
"[프로그램]

1. “Perspective“ for Violin & Piano (2026, 초연)
2. “호흡“ for Clarinet Solo (2026, 초연)
3. “Schneeblume” for Piano Solo (2017, 재연)
4. “침묵” for Cello Solo (2026, 초연)
5. “Reconciliation“ for Vn. Cl. Vc. & Pf (2013, 재연)","=GOOGLETRANSLATE(A166, ""ko"", ""ja"")"
어린이 캣 [화성],"=GOOGLETRANSLATE(A167, ""ko"", ""ja"")"
누림아트홀,"=GOOGLETRANSLATE(A168, ""ko"", ""ja"")"
경기도 화성시 남양읍 시청로 155,"=GOOGLETRANSLATE(A169, ""ko"", ""ja"")"
누가 내 머리에 똥 쌌어? [서울 강동],"=GOOGLETRANSLATE(A170, ""ko"", ""ja"")"
"모닝콘서트, 테너 박완 & Sarah J트리오: 여름을 깨우는 하모니 [창원] (7월)","=GOOGLETRANSLATE(A171, ""ko"", ""ja"")"
"울산시립교향악단, 백윤학 지휘자와 함께 즐기는 클래식 맛집 투어 가족특선","=GOOGLETRANSLATE(A172, ""ko"", ""ja"")"
LiSA ASIA TOUR: LiVE is Smile Always ~15~,"=GOOGLETRANSLATE(A173, ""ko"", ""ja"")"
"전석 135,000원","=GOOGLETRANSLATE(A174, ""ko"", ""ja"")"
"르네상스 in 동래, 플루트로 그리는 소리의 지도","=GOOGLETRANSLATE(A175, ""ko"", ""ja"")"
동래문화회관 소극장,"=GOOGLETRANSLATE(A176, ""ko"", ""ja"")"
르네상스 in 동래: 지브리 두 앙상블의 이야기,"=GOOGLETRANSLATE(A177, ""ko"", ""ja"")"
제21회 음악에 기대어 정기연주회: 한국가곡의 대향연,"=GOOGLETRANSLATE(A178, ""ko"", ""ja"")"
"미로슬라브 꿀띠쉐프 X 일리야 라쉬코프스키, 라흐마니노프 피아노 협주곡 [서울 송파]","=GOOGLETRANSLATE(A179, ""ko"", ""ja"")"
"R석 132,000원
S석 110,000원
A석 88,000원
B석 55,000원","=GOOGLETRANSLATE(A180, ""ko"", ""ja"")"
"마당놀이, 홍길동이 온다","=GOOGLETRANSLATE(A181, ""ko"", ""ja"")"
국립아시아문화전당 극장1,"=GOOGLETRANSLATE(A182, ""ko"", ""ja"")"
피터팬 [기장],"=GOOGLETRANSLATE(A183, ""ko"", ""ja"")"
기장군청 차성아트홀,"=GOOGLETRANSLATE(A184, ""ko"", ""ja"")"
부산 기장군 기장읍 기장대로 560,"=GOOGLETRANSLATE(A185, ""ko"", ""ja"")"
"1인권 판매석(예매가) 9,900원","=GOOGLETRANSLATE(A186, ""ko"", ""ja"")"
말 안듣는 청개구리 [부천],"=GOOGLETRANSLATE(A187, ""ko"", ""ja"")"
"[공연소개]
청개구리 '꾸리'는 엄마 말씀에 반대로만 한답니다. ㅜㅜ

어느 날 꾸리는 엄마가 절대로 가지 말라는 먹구름 동산에 갑니다. 
먹구름 동산에는 뱀이 살고 있지요.

꾸리가 뱀에게 잡혔어요!~!

엄마는 꾸리를 구하던 중 뱀에게 물리고 말아요.
쓰러진 엄마는 꾸리에게 마지막으로 부탁을 합니다.

꾸리는 엄마의 말씀대로 할 수 있을까요?

소중하고 예쁜 시간을 친구들과 함께 해요!!~","=GOOGLETRANSLATE(A188, ""ko"", ""ja"")"
겨울왕국: 겨울이야기 [진주],"=GOOGLETRANSLATE(A189, ""ko"", ""ja"")"
경상대학교 칠암캠퍼스 대강당,"=GOOGLETRANSLATE(A190, ""ko"", ""ja"")"
경남 진주시 진양호로 591-5,"=GOOGLETRANSLATE(A191, ""ko"", ""ja"")"
마테우스 아사토 내한공연 Mateus Asato Asia Tour,"=GOOGLETRANSLATE(A192, ""ko"", ""ja"")"
서울특별시 마포구 어울마당로 35 (서교동) 지하 1층,"=GOOGLETRANSLATE(A193, ""ko"", ""ja"")"
"VIP패키지석 178,000원
GA스탠딩석 123,000원","=GOOGLETRANSLATE(A194, ""ko"", ""ja"")"
다이노: 공룡세계에서 살아남기 [진주],"=GOOGLETRANSLATE(A195, ""ko"", ""ja"")"
라포엠과 KNN방송교향악단이 함께하는 봄의 서정,"=GOOGLETRANSLATE(A196, ""ko"", ""ja"")"
ONE HOUR,"=GOOGLETRANSLATE(A197, ""ko"", ""ja"")"
KT&G 상상마당 라이브홀,"=GOOGLETRANSLATE(A198, ""ko"", ""ja"")"
부산광역시 부산진구 서면로 39 (부전동),"=GOOGLETRANSLATE(A199, ""ko"", ""ja"")"
"K-국악스테이지, 경기도당굿보존회 X 국립민속국악원 기악단: 하나되어 [남원]","=GOOGLETRANSLATE(A200, ""ko"", ""ja"")"
노맨틱 코미디,"=GOOGLETRANSLATE(A201, ""ko"", ""ja"")"
"베베핀, 두근두근 새친구 [서울 광진]","=GOOGLETRANSLATE(A202, ""ko"", ""ja"")"
경이로운 금요일: 디어데몬 X 희소한 X 늘,"=GOOGLETRANSLATE(A203, ""ko"", ""ja"")"
우무지,"=GOOGLETRANSLATE(A204, ""ko"", ""ja"")"
서울특별시 마포구 독막로8길 7 (합정동),"=GOOGLETRANSLATE(A205, ""ko"", ""ja"")"
"스탠딩(예매가) 25,000원
스탠딩(현매가) 30,000원","=GOOGLETRANSLATE(A206, ""ko"", ""ja"")"
한우리 피아노 독주회,"=GOOGLETRANSLATE(A207, ""ko"", ""ja"")"
이소라 여덟 번째 봄 콘서트: 봄의 미로,"=GOOGLETRANSLATE(A208, ""ko"", ""ja"")"
"R석 165,000원
S석 154,000원
A석 132,000원
시야제한석 110,000원
휠체어석 165,000원","=GOOGLETRANSLATE(A209, ""ko"", ""ja"")"
미완결,"=GOOGLETRANSLATE(A210, ""ko"", ""ja"")"
동숭무대소극장,"=GOOGLETRANSLATE(A211, ""ko"", ""ja"")"
서울특별시 종로구 혜화로 35 (명륜1가),"=GOOGLETRANSLATE(A212, ""ko"", ""ja"")"
"미로슬라브 꿀띠쉐프 X 일리야 라쉬코프스키, 라흐마니노프 피아노 협주곡","=GOOGLETRANSLATE(A213, ""ko"", ""ja"")"
"R석 121,000원
S석 99,000원
A석 66,000원","=GOOGLETRANSLATE(A214, ""ko"", ""ja"")"
제97회 인천시립극단 정기공연: 니들이 인천을 알어,"=GOOGLETRANSLATE(A215, ""ko"", ""ja"")"
인천문화예술회관 소공연장,"=GOOGLETRANSLATE(A216, ""ko"", ""ja"")"
인천 남동구 예술로 149,"=GOOGLETRANSLATE(A217, ""ko"", ""ja"")"
박지현 콘서트: 쇼맨쉽 시즌2 SHOWMANSHIP SEASON 2,"=GOOGLETRANSLATE(A218, ""ko"", ""ja"")"
김대중컨벤션센터 다목적홀,"=GOOGLETRANSLATE(A219, ""ko"", ""ja"")"
광주 서구 치평동 1159-2,"=GOOGLETRANSLATE(A220, ""ko"", ""ja"")"
"VIP석 165,000원
R석 143,000원
S석 121,000원","=GOOGLETRANSLATE(A221, ""ko"", ""ja"")"
페리지홀 기획 초청 연주회: String Quartet,"=GOOGLETRANSLATE(A222, ""ko"", ""ja"")"
페리지홀,"=GOOGLETRANSLATE(A223, ""ko"", ""ja"")"
서울특별시 서초구 반포대로 18 (서초동),"=GOOGLETRANSLATE(A224, ""ko"", ""ja"")"
제193회 수원시립합창단 정기연주회 [수원],"=GOOGLETRANSLATE(A225, ""ko"", ""ja"")"
경기 수원시 장안구 이목로 24,"=GOOGLETRANSLATE(A226, ""ko"", ""ja"")"
"[PROGRAM]

You Are The New Day - Arr. Peter Knight
Across The Vast, Eternal Sky - Ola Gjeilo
The Hope of Loving - Jake Runestad

- INTERMISSION -

그대 앞에 봄이 있다 - 박문희
바람은 남풍 - 조혜영
바람과 봄 - 김바하
꽃타령 - 허걸재
노들강변 - 조혜영
봄이 오는 길 - Arr. 박문희
벚꽃엔딩 - Arr. 이범준
한 페이지가 될 수 있게 - Arr. 한태호","=GOOGLETRANSLATE(A227, ""ko"", ""ja"")"
"서리풀악동문화공연: 괜찮아, 안데르센 (3월)","=GOOGLETRANSLATE(A228, ""ko"", ""ja"")"
빅마마 신연아 with 신연아 재즈밴드 [경기 화성],"=GOOGLETRANSLATE(A229, ""ko"", ""ja"")"
인스파이어 컬쳐홀,"=GOOGLETRANSLATE(A230, ""ko"", ""ja"")"
경기도 화성시 동탄첨단산업1로 27 (영천동),"=GOOGLETRANSLATE(A231, ""ko"", ""ja"")"
"세상의 모든 플레이리스트, 브랜든 최 [원주]","=GOOGLETRANSLATE(A232, ""ko"", ""ja"")"
플레이리스트,"=GOOGLETRANSLATE(A233, ""ko"", ""ja"")"
강원특별자치도 원주시 지정면 신평로 132,"=GOOGLETRANSLATE(A234, ""ko"", ""ja"")"
"[프로그램]

김재원 - The Saxophonist
Sergei Rachmaninoff - Vocalise, Op.34 No.14
Roberto Molinelli - Tango Club from Four Pictures of New York
Harold Arlen - Over the Rainbow
한국 전래민요 (편곡: Park Jong-sung) - 새야 새야
Joe Hisaishi - Porco Rosso – Main Theme
윤학준 – 마중
Darius Milhaud - Scaramouche – III. Brazileira
Toshio Mashima – Seagull
Astor Piazzolla - Libertango","=GOOGLETRANSLATE(A235, ""ko"", ""ja"")"
제5회 서초 윈드 오케스트라 정기연주회 [성남],"=GOOGLETRANSLATE(A236, ""ko"", ""ja"")"
래비를 찾아서,"=GOOGLETRANSLATE(A237, ""ko"", ""ja"")"
동아백화점 아트홀,"=GOOGLETRANSLATE(A238, ""ko"", ""ja"")"
대구광역시 중구 달구벌대로 2085 (덕산동),"=GOOGLETRANSLATE(A239, ""ko"", ""ja"")"
비도,"=GOOGLETRANSLATE(A240, ""ko"", ""ja"")"
문학시어터,"=GOOGLETRANSLATE(A241, ""ko"", ""ja"")"
인천광역시 남구 매소홀로 618 (문학동),"=GOOGLETRANSLATE(A242, ""ko"", ""ja"")"
누구나 클래식 with 강릉시립교향악단,"=GOOGLETRANSLATE(A243, ""ko"", ""ja"")"
"관람료 선택제 1000 1,000원
관람료 선택제 3000 3,000원
관람료 선택제 5000 5,000원
관람료 선택제 10000 10,000원","=GOOGLETRANSLATE(A244, ""ko"", ""ja"")"
"Rocking Saturday, 해리빅버튼 X 내귀에도청장치 X 악퉁","=GOOGLETRANSLATE(A245, ""ko"", ""ja"")"
"광주오페라단, 오페라 갈라 콘서트: 절망과 희망의 이중주","=GOOGLETRANSLATE(A246, ""ko"", ""ja"")"
빛고을시민문화관 공연장,"=GOOGLETRANSLATE(A247, ""ko"", ""ja"")"
광주 남구 천변좌로338번길 7,"=GOOGLETRANSLATE(A248, ""ko"", ""ja"")"
"R석 20,000원
A석 10,000원","=GOOGLETRANSLATE(A249, ""ko"", ""ja"")"
감제이 세번째 콘서트: Aeternum Nos 1부. 콘서트,"=GOOGLETRANSLATE(A250, ""ko"", ""ja"")"
스카이아트홀,"=GOOGLETRANSLATE(A251, ""ko"", ""ja"")"
서울특별시 강서구 화곡로63길 65(등촌동),"=GOOGLETRANSLATE(A252, ""ko"", ""ja"")"
"지하 1층 V석 95,000원
지하 1층 R석 80,000원
지하 1층 S석 65,000원
지하 1층 A석 65,000원
지하 2층 V석 95,000원
지하 2층 R석 80,000원
지하 2층 S석 45,000원
지하 2층 A석 45,000원","=GOOGLETRANSLATE(A253, ""ko"", ""ja"")"
MelON 디즈니＋지브리 오케스트라 콘서트,"=GOOGLETRANSLATE(A254, ""ko"", ""ja"")"
"VIP석 100,000원
R석 80,000원
S석 60,000원
A석 40,000원","=GOOGLETRANSLATE(A255, ""ko"", ""ja"")"
박용찬 귀국 피아노 독주회,"=GOOGLETRANSLATE(A256, ""ko"", ""ja"")"
중앙가야금합주단 정기연주회: 필연,"=GOOGLETRANSLATE(A257, ""ko"", ""ja"")"
박강수 콘서트: 나무가 될게,"=GOOGLETRANSLATE(A258, ""ko"", ""ja"")"
베짱이홀,"=GOOGLETRANSLATE(A259, ""ko"", ""ja"")"
서울특별시 마포구 독막로15길 3-12 (상수동),"=GOOGLETRANSLATE(A260, ""ko"", ""ja"")"
Horim Tree: O with friends [경기 화성],"=GOOGLETRANSLATE(A261, ""ko"", ""ja"")"
박상민 LOVE 콘서트,"=GOOGLETRANSLATE(A262, ""ko"", ""ja"")"
울산광역시 남구 번영로 212 (달동),"=GOOGLETRANSLATE(A263, ""ko"", ""ja"")"
"R석 130,000원
S석 100,000원","=GOOGLETRANSLATE(A264, ""ko"", ""ja"")"
팬텀 스타워즈: 부산청년 봄을 깨우다,"=GOOGLETRANSLATE(A265, ""ko"", ""ja"")"
"B석 50,000원
C석 30,000원","=GOOGLETRANSLATE(A266, ""ko"", ""ja"")"
어린이 서커스 쇼 [파주],"=GOOGLETRANSLATE(A267, ""ko"", ""ja"")"
파주시민회관 소공연장,"=GOOGLETRANSLATE(A268, ""ko"", ""ja"")"
경기 파주시 시민회관길 33,"=GOOGLETRANSLATE(A269, ""ko"", ""ja"")"
"해설이 있는 음악회 서.클.스, 사랑의 방정식 (4월)","=GOOGLETRANSLATE(A270, ""ko"", ""ja"")"
서울주문화센터 공연장,"=GOOGLETRANSLATE(A271, ""ko"", ""ja"")"
울산 울주군 언양읍 언양로 40-7,"=GOOGLETRANSLATE(A272, ""ko"", ""ja"")"
"국립합창단, 시네마 클래식 [화성]","=GOOGLETRANSLATE(A273, ""ko"", ""ja"")"
화성예술의전당 동탄아트홀,"=GOOGLETRANSLATE(A274, ""ko"", ""ja"")"
경기 화성시 태안로 145,"=GOOGLETRANSLATE(A275, ""ko"", ""ja"")"
"S석 30,000원
A석 20,000원
B석 10,000원","=GOOGLETRANSLATE(A276, ""ko"", ""ja"")"
알렉산더 에크만의 한여름 밤의 꿈 [화성],"=GOOGLETRANSLATE(A277, ""ko"", ""ja"")"
"VIP석 170,000원
R석 140,000원
S석 100,000원
A석 60,000원","=GOOGLETRANSLATE(A278, ""ko"", ""ja"")"
"먼데이프로젝트 시즌9, 고고학 단독 콘서트: THE ORIGINAL","=GOOGLETRANSLATE(A279, ""ko"", ""ja"")"
조선이야기꾼 전기수,"=GOOGLETRANSLATE(A280, ""ko"", ""ja"")"
대구학생문화센터 대공연장,"=GOOGLETRANSLATE(A281, ""ko"", ""ja"")"
대구 달서구 용산로 181,"=GOOGLETRANSLATE(A282, ""ko"", ""ja"")"
봄 안치환 콘서트,"=GOOGLETRANSLATE(A283, ""ko"", ""ja"")"
김준환 첼로 독주회,"=GOOGLETRANSLATE(A284, ""ko"", ""ja"")"
MelON 디즈니 + 지브리 오케스트라 콘서트 (어린이날 edition) [부천],"=GOOGLETRANSLATE(A285, ""ko"", ""ja"")"
"VIP석 110,000원
R석 80,000원
S석 60,000원
A석 40,000원","=GOOGLETRANSLATE(A286, ""ko"", ""ja"")"
김예슬 피아노 독주회,"=GOOGLETRANSLATE(A287, ""ko"", ""ja"")"
"박종민 단독 공연, Four Nights: 꽃잎 흩날리던 밤","=GOOGLETRANSLATE(A288, ""ko"", ""ja"")"
살롱 문보우,"=GOOGLETRANSLATE(A289, ""ko"", ""ja"")"
서울특별시 마포구 잔다리로 113 (서교동),"=GOOGLETRANSLATE(A290, ""ko"", ""ja"")"
"모두예술극장 기획제작, 야호야호 Echoing Dance","=GOOGLETRANSLATE(A291, ""ko"", ""ja"")"
모두예술극장,"=GOOGLETRANSLATE(A292, ""ko"", ""ja"")"
서울특별시 서대문구 충정로 7 (충정로3가),"=GOOGLETRANSLATE(A293, ""ko"", ""ja"")"
바리톤 김보람 독창회,"=GOOGLETRANSLATE(A294, ""ko"", ""ja"")"
"ASAC 키움극장, 할머니의 여름 휴가 [안산]","=GOOGLETRANSLATE(A295, ""ko"", ""ja"")"
"R석 60,000원
S석 50,000원
A석 40,000원","=GOOGLETRANSLATE(A296, ""ko"", ""ja"")"
헐리우드 블록버스터 & 디즈니 픽사 OST 오케스트라 콘서트,"=GOOGLETRANSLATE(A297, ""ko"", ""ja"")"
"R석 100,000원
S석 80,000원
A석 60,000원","=GOOGLETRANSLATE(A298, ""ko"", ""ja"")"
내가 아빠고 아빠가 나라면,"=GOOGLETRANSLATE(A299, ""ko"", ""ja"")"
"VIP석 (예매가) 13,500원
R석 (예매가) 9,500원","=GOOGLETRANSLATE(A300, ""ko"", ""ja"")"
지브리 & 디즈니 OST 콘서트,"=GOOGLETRANSLATE(A301, ""ko"", ""ja"")"
"VIP석 110,000원
R석 90,000원
S석 60,000원
A석 40,000원","=GOOGLETRANSLATE(A302, ""ko"", ""ja"")"
"유벨톤심포니오케스트라: 작곡가 시리즈 2. 브람스, 사랑의 선율","=GOOGLETRANSLATE(A303, ""ko"", ""ja"")"
HA HYUN SANG Archive Live: New Boat,"=GOOGLETRANSLATE(A304, ""ko"", ""ja"")"
한평의 땅,"=GOOGLETRANSLATE(A305, ""ko"", ""ja"")"
그리스 로마 신화: 신들의 왕 제우스,"=GOOGLETRANSLATE(A306, ""ko"", ""ja"")"
인천중구문화회관,"=GOOGLETRANSLATE(A307, ""ko"", ""ja"")"
인천광역시 중구 축항대로296번길 81 (신흥동3가),"=GOOGLETRANSLATE(A308, ""ko"", ""ja"")"
"R석 70,000원","=GOOGLETRANSLATE(A309, ""ko"", ""ja"")"
제41회 한국반주협회 정기연주회,"=GOOGLETRANSLATE(A310, ""ko"", ""ja"")"
아기돼지 삼형제,"=GOOGLETRANSLATE(A311, ""ko"", ""ja"")"
"먼데이프로젝트 시즌9, Our Universe: 딕펑스 단독 콘서트","=GOOGLETRANSLATE(A312, ""ko"", ""ja"")"
"꿈의숲 마티네 콘서트, 벨 에포크 아트 & 뮤직시리즈1: 클림트, 시대에 맞선 황금빛 연가","=GOOGLETRANSLATE(A313, ""ko"", ""ja"")"
하피스트 우지현 & 피아니스트 전유진 듀오 리사이틀,"=GOOGLETRANSLATE(A314, ""ko"", ""ja"")"
피아니스트 전수진의 골드베르크 변주곡 리사이틀,"=GOOGLETRANSLATE(A315, ""ko"", ""ja"")"
동상이몽,"=GOOGLETRANSLATE(A316, ""ko"", ""ja"")"
소극장 공유,"=GOOGLETRANSLATE(A317, ""ko"", ""ja"")"
서울특별시 종로구 창경궁로 303 (혜화동),"=GOOGLETRANSLATE(A318, ""ko"", ""ja"")"
최성철 귀국 타악기 독주회,"=GOOGLETRANSLATE(A319, ""ko"", ""ja"")"
유세형 피아노 독주회,"=GOOGLETRANSLATE(A320, ""ko"", ""ja"")"
첼리스트 이호찬 & 바이올리니스트 팅슈오 창 듀오 리사이틀,"=GOOGLETRANSLATE(A321, ""ko"", ""ja"")"
"국립국악원, 연희-판: 흥으로 잇는 세상 [화성]","=GOOGLETRANSLATE(A322, ""ko"", ""ja"")"
"A석 25,000원
B석(행복석) 10,000원","=GOOGLETRANSLATE(A323, ""ko"", ""ja"")"
라 칼라스,"=GOOGLETRANSLATE(A324, ""ko"", ""ja"")"
"조치원의 밤, 국악: 고영열의 피아노 병창","=GOOGLETRANSLATE(A325, ""ko"", ""ja"")"
세종문화예술회관 대공연장,"=GOOGLETRANSLATE(A326, ""ko"", ""ja"")"
세종특별자치시 조치원읍 문예회관길 22,"=GOOGLETRANSLATE(A327, ""ko"", ""ja"")"
김장훈 전국투어 콘서트: 원맨쇼,"=GOOGLETRANSLATE(A328, ""ko"", ""ja"")"
"R석 77,000원
S석 66,000원
A석 55,000원","=GOOGLETRANSLATE(A329, ""ko"", ""ja"")"
강정은 피아노 독주회,"=GOOGLETRANSLATE(A330, ""ko"", ""ja"")"
알파블록스,"=GOOGLETRANSLATE(A331, ""ko"", ""ja"")"
"R석 70,000원
S석 60,000원","=GOOGLETRANSLATE(A332, ""ko"", ""ja"")"
"강우성의 피아노 사색 #11, 사람의 사랑과 생애","=GOOGLETRANSLATE(A333, ""ko"", ""ja"")"
아기돼지 삼형제 [서울 강북],"=GOOGLETRANSLATE(A334, ""ko"", ""ja"")"
꿈의숲아트센터 퍼포먼스홀,"=GOOGLETRANSLATE(A335, ""ko"", ""ja"")"
서울시립교향악단: 운명 [화성],"=GOOGLETRANSLATE(A336, ""ko"", ""ja"")"
남양성모성지 대성당,"=GOOGLETRANSLATE(A337, ""ko"", ""ja"")"
경기 화성시 남양읍 남양성지로 112,"=GOOGLETRANSLATE(A338, ""ko"", ""ja"")"
히사이시 조 영화음악 콘서트,"=GOOGLETRANSLATE(A339, ""ko"", ""ja"")"
대구문화예술회관 팔공홀,"=GOOGLETRANSLATE(A340, ""ko"", ""ja"")"
새봄음악회 [군포],"=GOOGLETRANSLATE(A341, ""ko"", ""ja"")"
군포문화예술회관 수리홀,"=GOOGLETRANSLATE(A342, ""ko"", ""ja"")"
경기 군포시 고산로 599,"=GOOGLETRANSLATE(A343, ""ko"", ""ja"")"
PLAYLIST WAWA vol.1 114Th Romantic Party,"=GOOGLETRANSLATE(A344, ""ko"", ""ja"")"
복합문화공간 몽향,"=GOOGLETRANSLATE(A345, ""ko"", ""ja"")"
서울특별시 서대문구 연세로5다길 10 (창천동),"=GOOGLETRANSLATE(A346, ""ko"", ""ja"")"
"스탠딩(예매가) 40,000원
스탠딩(현매가) 50,000원","=GOOGLETRANSLATE(A347, ""ko"", ""ja"")"
클라라 주미 강 & 김선욱 듀오 리사이틀,"=GOOGLETRANSLATE(A348, ""ko"", ""ja"")"
"R석 60,000원
S석 40,000원
시야방해석 20,000원","=GOOGLETRANSLATE(A349, ""ko"", ""ja"")"
피아니스트 박미정의 All That Art 7,"=GOOGLETRANSLATE(A350, ""ko"", ""ja"")"
"빅3 시즌2, 행복한만남: 강진, 김용임, 진성","=GOOGLETRANSLATE(A351, ""ko"", ""ja"")"
인천문화예술회관 대공연장,"=GOOGLETRANSLATE(A352, ""ko"", ""ja"")"
"R석 132,000원
S석 110,000원","=GOOGLETRANSLATE(A353, ""ko"", ""ja"")"
반짝반짝 빛나는 마술사의 방,"=GOOGLETRANSLATE(A354, ""ko"", ""ja"")"
"R석 30,000원","=GOOGLETRANSLATE(A355, ""ko"", ""ja"")"
"모나코 몬테카를로 발레단, 백조의 호수 [화성]","=GOOGLETRANSLATE(A356, ""ko"", ""ja"")"
"VIP석 180,000원
R석 130,000원
S석 80,000원
A석 60,000원
B석(행복석) 10,000원","=GOOGLETRANSLATE(A357, ""ko"", ""ja"")"
경산문화관광재단 신춘음악회: 봄의 대화 (정미조X스텔라장),"=GOOGLETRANSLATE(A358, ""ko"", ""ja"")"
천마아트센터 그랜드홀,"=GOOGLETRANSLATE(A359, ""ko"", ""ja"")"
경북 경산시 대학로 280,"=GOOGLETRANSLATE(A360, ""ko"", ""ja"")"
"롤링 31주년 기념 공연, UmYull FANCON: 초안","=GOOGLETRANSLATE(A361, ""ko"", ""ja"")"
"스탠딩 88,000원","=GOOGLETRANSLATE(A362, ""ko"", ""ja"")"
결혼해도 될까요? [청주],"=GOOGLETRANSLATE(A363, ""ko"", ""ja"")"
심규선 콘서트: 만개의 정원 [안성],"=GOOGLETRANSLATE(A364, ""ko"", ""ja"")"
안성맞춤아트홀 대공연장,"=GOOGLETRANSLATE(A365, ""ko"", ""ja"")"
경기 안성시 발화대길 21,"=GOOGLETRANSLATE(A366, ""ko"", ""ja"")"
"미로슬라브 꿀띠쉐프 X 세르게이 타라소프, 라흐마니노프 피아노 협주곡","=GOOGLETRANSLATE(A367, ""ko"", ""ja"")"
아무도 칼을 들지 않았다 [대학로],"=GOOGLETRANSLATE(A368, ""ko"", ""ja"")"
스티 단독 콘서트: 스티의 스위치,"=GOOGLETRANSLATE(A369, ""ko"", ""ja"")"
클럽온에어,"=GOOGLETRANSLATE(A370, ""ko"", ""ja"")"
서울특별시 마포구 잔다리로 44(서교동),"=GOOGLETRANSLATE(A371, ""ko"", ""ja"")"
버블S의 컬러버블쇼,"=GOOGLETRANSLATE(A372, ""ko"", ""ja"")"
라하브 샤니 & 뮌헨 필하모닉 (05.06),"=GOOGLETRANSLATE(A373, ""ko"", ""ja"")"
"R석 400,000원
S석 340,000원
A석 280,000원
B석 220,000원
C석 100,000원","=GOOGLETRANSLATE(A374, ""ko"", ""ja"")"
백설공주 [서산],"=GOOGLETRANSLATE(A375, ""ko"", ""ja"")"
미스트롯4 전국투어 콘서트: 트롯으로 세상을 홀려라,"=GOOGLETRANSLATE(A376, ""ko"", ""ja"")"
라하브 샤니 & 뮌헨 필하모닉 (05.05),"=GOOGLETRANSLATE(A377, ""ko"", ""ja"")"
제4회 나우 피아노연구회 정기연주회,"=GOOGLETRANSLATE(A378, ""ko"", ""ja"")"
"토요 클래식의 밤, 해설이 있는 클래식: 사랑의 색채들","=GOOGLETRANSLATE(A379, ""ko"", ""ja"")"
김현태의 춤: 큰 강물이 비로소 길 (佶) 을 열었다,"=GOOGLETRANSLATE(A380, ""ko"", ""ja"")"
아양아트센터 아양홀,"=GOOGLETRANSLATE(A381, ""ko"", ""ja"")"
대구 동구 효동로2길 24,"=GOOGLETRANSLATE(A382, ""ko"", ""ja"")"
뼈의 기록,"=GOOGLETRANSLATE(A383, ""ko"", ""ja"")"
난장 [과천],"=GOOGLETRANSLATE(A384, ""ko"", ""ja"")"
과천시민회관 소극장,"=GOOGLETRANSLATE(A385, ""ko"", ""ja"")"
경기 과천시 통영로 5,"=GOOGLETRANSLATE(A386, ""ko"", ""ja"")"
"국립합창단, 시네마 클래식 [군산]","=GOOGLETRANSLATE(A387, ""ko"", ""ja"")"
군산예술의전당 대공연장,"=GOOGLETRANSLATE(A388, ""ko"", ""ja"")"
"POINT: SIGNAL: 일루반, 유인원","=GOOGLETRANSLATE(A389, ""ko"", ""ja"")"
"스탠딩 44,000원","=GOOGLETRANSLATE(A390, ""ko"", ""ja"")"
"All Day, JAZZ SHOW! (올데이, 재즈쇼!) (03.29)","=GOOGLETRANSLATE(A391, ""ko"", ""ja"")"
올댓재즈,"=GOOGLETRANSLATE(A392, ""ko"", ""ja"")"
서울특별시 용산구 이태원로 216 (한남동),"=GOOGLETRANSLATE(A393, ""ko"", ""ja"")"
"올데이(1부+2부) 40,000원
1부 20,000원
2부 20,000원","=GOOGLETRANSLATE(A394, ""ko"", ""ja"")"
쿠잉의 MRI: March Romantic Invitation,"=GOOGLETRANSLATE(A395, ""ko"", ""ja"")"
숲세권 라이브,"=GOOGLETRANSLATE(A396, ""ko"", ""ja"")"
서울특별시 영등포구 도림로126길 1 (문래동3가),"=GOOGLETRANSLATE(A397, ""ko"", ""ja"")"
제13회 김사월 쇼: 도망자,"=GOOGLETRANSLATE(A398, ""ko"", ""ja"")"
서강대 메리홀 대극장,"=GOOGLETRANSLATE(A399, ""ko"", ""ja"")"
서울 마포구 백범로 35,"=GOOGLETRANSLATE(A400, ""ko"", ""ja"")"
"먼데이프로젝트X숲세권 MONDAY: SOOP, 예람 단독 콘서트","=GOOGLETRANSLATE(A401, ""ko"", ""ja"")"
"먼데이프로젝트X숲세권 MONDAY: SOOP, 박태욱 단독 콘서트","=GOOGLETRANSLATE(A402, ""ko"", ""ja"")"
"Over The Shoulder Vol.4, 청요일 X 이파란","=GOOGLETRANSLATE(A403, ""ko"", ""ja"")"
"롤링 31주년 기념 공연, W24 Next Chapter: Best Chapter Section 4","=GOOGLETRANSLATE(A404, ""ko"", ""ja"")"
김용필 콘서트: 뷰티풀 라이프,"=GOOGLETRANSLATE(A405, ""ko"", ""ja"")"
이화여자대학교 삼성홀,"=GOOGLETRANSLATE(A406, ""ko"", ""ja"")"
서울특별시 서대문구 이화여대길 52 (대현동),"=GOOGLETRANSLATE(A407, ""ko"", ""ja"")"
"전석 143,000원","=GOOGLETRANSLATE(A408, ""ko"", ""ja"")"
오케스트라너머 with 짙은 그리고 브로콜리너마저,"=GOOGLETRANSLATE(A409, ""ko"", ""ja"")"
"R석 143,000원
S석 121,000원","=GOOGLETRANSLATE(A410, ""ko"", ""ja"")"
"K-국악스테이지, 국립민속국악원 국악연주단: 봄, 향기 [남원]","=GOOGLETRANSLATE(A411, ""ko"", ""ja"")"
김장훈 전국투어 콘서트: 원맨쇼 [부천],"=GOOGLETRANSLATE(A412, ""ko"", ""ja"")"
부천시민회관 대공연장,"=GOOGLETRANSLATE(A413, ""ko"", ""ja"")"
경기 부천시 원미구 부일로 365,"=GOOGLETRANSLATE(A414, ""ko"", ""ja"")"
"R석 77,000원
S석 66,000원","=GOOGLETRANSLATE(A415, ""ko"", ""ja"")"
똥볶이 할멈: 정의의 맛,"=GOOGLETRANSLATE(A416, ""ko"", ""ja"")"
무지개 물고기 [서울 구로],"=GOOGLETRANSLATE(A417, ""ko"", ""ja"")"
구로구민회관,"=GOOGLETRANSLATE(A418, ""ko"", ""ja"")"
서울특별시 구로구 가마산로25길 21 (구로동),"=GOOGLETRANSLATE(A419, ""ko"", ""ja"")"
최민재의 MODERNISM 프라이빗 마술공연 [창원],"=GOOGLETRANSLATE(A420, ""ko"", ""ja"")"
드리운 스튜디오,"=GOOGLETRANSLATE(A421, ""ko"", ""ja"")"
경상남도 창원시 성산구 중앙대로 111 (중앙동),"=GOOGLETRANSLATE(A422, ""ko"", ""ja"")"
떨어지는 벚꽃을 바라보다 비로소 봄이었음을 깨달았다,"=GOOGLETRANSLATE(A423, ""ko"", ""ja"")"
제5회 부산시민교향악단 정기연주회: Spirit of Beethoven Ⅲ,"=GOOGLETRANSLATE(A424, ""ko"", ""ja"")"
아는 노래 [양양],"=GOOGLETRANSLATE(A425, ""ko"", ""ja"")"
양양문화복지회관 공연장,"=GOOGLETRANSLATE(A426, ""ko"", ""ja"")"
강원특별자치도 양양군 양양읍 일출로 540,"=GOOGLETRANSLATE(A427, ""ko"", ""ja"")"
프린세스 캐치! 티니핑,"=GOOGLETRANSLATE(A428, ""ko"", ""ja"")"
많이많이많이요,"=GOOGLETRANSLATE(A429, ""ko"", ""ja"")"
"현장판매 40,000원
사전예약 35,000원","=GOOGLETRANSLATE(A430, ""ko"", ""ja"")"
박혜신 전국투어 콘서트: 각인,"=GOOGLETRANSLATE(A431, ""ko"", ""ja"")"
우송예술회관,"=GOOGLETRANSLATE(A432, ""ko"", ""ja"")"
대전광역시 동구 동대전로 171 (자양동),"=GOOGLETRANSLATE(A433, ""ko"", ""ja"")"
"VIP석 132,000원
R석 110,000원
S석 88,000원","=GOOGLETRANSLATE(A434, ""ko"", ""ja"")"
신카이 마코토 하이라이트 필름 콘서트 [서울 중구],"=GOOGLETRANSLATE(A435, ""ko"", ""ja"")"
"VIP석 140,000원
R석 125,000원
S석 105,000원
A석 80,000원
B석 50,000원","=GOOGLETRANSLATE(A436, ""ko"", ""ja"")"
한화생명과 함께하는 예술의전당 11시 콘서트 (6월),"=GOOGLETRANSLATE(A437, ""ko"", ""ja"")"
"일반석 30,000원
3층석 15,000원","=GOOGLETRANSLATE(A438, ""ko"", ""ja"")"
"BAC 초이스, 반쪼가리 자작 [부천]","=GOOGLETRANSLATE(A439, ""ko"", ""ja"")"
부천아트센터 소공연장,"=GOOGLETRANSLATE(A440, ""ko"", ""ja"")"
하늘을 나는 피터팬,"=GOOGLETRANSLATE(A441, ""ko"", ""ja"")"
김보람 피아노 독주회,"=GOOGLETRANSLATE(A442, ""ko"", ""ja"")"
이지연 재즈 오케스트라의 지브리 vs 주술회전 OST 콘서트,"=GOOGLETRANSLATE(A443, ""ko"", ""ja"")"
"VIP석 109,000원
R석 89,000원
S석 69,000원","=GOOGLETRANSLATE(A444, ""ko"", ""ja"")"
"온: 콘서트, 앙상블 패치워크의 온: 바로크","=GOOGLETRANSLATE(A445, ""ko"", ""ja"")"
알라딘과 요술램프 [서울 도봉],"=GOOGLETRANSLATE(A446, ""ko"", ""ja"")"
서울 강북구 도봉로76가길 55,"=GOOGLETRANSLATE(A447, ""ko"", ""ja"")"
더 드레서 [당진],"=GOOGLETRANSLATE(A448, ""ko"", ""ja"")"
당진문예의전당 대공연장,"=GOOGLETRANSLATE(A449, ""ko"", ""ja"")"
충남 당진시 무수동2길 25-21,"=GOOGLETRANSLATE(A450, ""ko"", ""ja"")"
안은유 귀국 피아노 독주회,"=GOOGLETRANSLATE(A451, ""ko"", ""ja"")"
테디의 비트: 가족 음악오케스트라,"=GOOGLETRANSLATE(A452, ""ko"", ""ja"")"
피아니스트 임재한 베토벤 소나타 전곡시리즈 2,"=GOOGLETRANSLATE(A453, ""ko"", ""ja"")"
피아니스트 백건우 리사이틀 [양산],"=GOOGLETRANSLATE(A454, ""ko"", ""ja"")"
양산문화예술회관 대공연장,"=GOOGLETRANSLATE(A455, ""ko"", ""ja"")"
경남 양산시 중앙로 39-1,"=GOOGLETRANSLATE(A456, ""ko"", ""ja"")"
김장훈 전국투어 콘서트: 원맨쇼 [구리],"=GOOGLETRANSLATE(A457, ""ko"", ""ja"")"
구리아트홀 코스모스대극장,"=GOOGLETRANSLATE(A458, ""ko"", ""ja"")"
경기 구리시 아차산로 453,"=GOOGLETRANSLATE(A459, ""ko"", ""ja"")"
한화생명과 함께하는 예술의전당 11시 콘서트 (5월),"=GOOGLETRANSLATE(A460, ""ko"", ""ja"")"
Concrete Valley: OFF THE MENU,"=GOOGLETRANSLATE(A461, ""ko"", ""ja"")"
"BAC 초이스, 디토 오케스트라 with 신지아","=GOOGLETRANSLATE(A462, ""ko"", ""ja"")"
미녀와 야수 [수원],"=GOOGLETRANSLATE(A463, ""ko"", ""ja"")"
수원청소년문화센터 온누리아트홀,"=GOOGLETRANSLATE(A464, ""ko"", ""ja"")"
경기 수원시 팔달구 권광로 293,"=GOOGLETRANSLATE(A465, ""ko"", ""ja"")"
"목요상설음악회 아트살롱, 성의 결: 머무는 소리, 뻗어가는 이야기","=GOOGLETRANSLATE(A466, ""ko"", ""ja"")"
"달성 아동극 시리즈, 할머니 엄마 (1회차)","=GOOGLETRANSLATE(A467, ""ko"", ""ja"")"
달성문화센터 백년홀,"=GOOGLETRANSLATE(A468, ""ko"", ""ja"")"
대구 달성군 다사읍 대실역북로2길 188,"=GOOGLETRANSLATE(A469, ""ko"", ""ja"")"
극아타 (극동아시아타이거즈) 의 극단적인 중개소 Vol.1 (For. 나비야 사랑해),"=GOOGLETRANSLATE(A470, ""ko"", ""ja"")"
제11회 경산시립교향악단 정기연주회,"=GOOGLETRANSLATE(A471, ""ko"", ""ja"")"
걸리버스 3,"=GOOGLETRANSLATE(A472, ""ko"", ""ja"")"
"R석 50,000원
S석 40,000원
A석 30,000원","=GOOGLETRANSLATE(A473, ""ko"", ""ja"")"
우리가 사랑했던 그날,"=GOOGLETRANSLATE(A474, ""ko"", ""ja"")"
상상아트홀,"=GOOGLETRANSLATE(A475, ""ko"", ""ja"")"
대전 중구 대종로505번길 28,"=GOOGLETRANSLATE(A476, ""ko"", ""ja"")"
"안녕, 할배 [영주]","=GOOGLETRANSLATE(A477, ""ko"", ""ja"")"
영주문화예술회관 까치홀,"=GOOGLETRANSLATE(A478, ""ko"", ""ja"")"
경북 영주시 가흥로 257,"=GOOGLETRANSLATE(A479, ""ko"", ""ja"")"
강드보라 바이올린 독주회: 우아하게 빛나는 Ⅱ,"=GOOGLETRANSLATE(A480, ""ko"", ""ja"")"
이영현 콘서트: 나의 노래가 필요한 너에게 - 숨,"=GOOGLETRANSLATE(A481, ""ko"", ""ja"")"
"R석 154,000원
S석 143,000원","=GOOGLETRANSLATE(A482, ""ko"", ""ja"")"
TAEHO Mini Live Concert: THE FIRST [ X ],"=GOOGLETRANSLATE(A483, ""ko"", ""ja"")"
"사운드체크석 88,000원
일반석 66,000원","=GOOGLETRANSLATE(A484, ""ko"", ""ja"")"
바이올리니스트 이준화의 여성 작곡가들의 작품들,"=GOOGLETRANSLATE(A485, ""ko"", ""ja"")"
갓 (GAT) [전주],"=GOOGLETRANSLATE(A486, ""ko"", ""ja"")"
한국소리문화의전당 모악당,"=GOOGLETRANSLATE(A487, ""ko"", ""ja"")"
전북 전주시 덕진구 소리로 31,"=GOOGLETRANSLATE(A488, ""ko"", ""ja"")"
유미 단독 콘서트: Nostalgia in You Me,"=GOOGLETRANSLATE(A489, ""ko"", ""ja"")"
"전석 119,000원","=GOOGLETRANSLATE(A490, ""ko"", ""ja"")"
윤현선 비올라 독주회: 비올라의 다채로운 초상,"=GOOGLETRANSLATE(A491, ""ko"", ""ja"")"
제200회 원주시립교향악단 정기연주회: EROICA 영웅,"=GOOGLETRANSLATE(A492, ""ko"", ""ja"")"
강원도 원주시 시청로 1 (무실동),"=GOOGLETRANSLATE(A493, ""ko"", ""ja"")"
리틀베가스,"=GOOGLETRANSLATE(A494, ""ko"", ""ja"")"
조항조 전국투어 콘서트: 생각 [구리],"=GOOGLETRANSLATE(A495, ""ko"", ""ja"")"
"VIP석 143,000원
R석 121,000원","=GOOGLETRANSLATE(A496, ""ko"", ""ja"")"
"유빈댄스, 더블빌: SENSE DATUM 감각자료 2.0 X 무율경 [전주]","=GOOGLETRANSLATE(A497, ""ko"", ""ja"")"
한국소리문화의전당 연지홀,"=GOOGLETRANSLATE(A498, ""ko"", ""ja"")"
The 심수봉 SHOW [구리],"=GOOGLETRANSLATE(A499, ""ko"", ""ja"")"
"VIP석 132,000원
R석 121,000원","=GOOGLETRANSLATE(A500, ""ko"", ""ja"")"
"경기필 마스터피스 시리즈 Ⅲ, 시벨리우스 교향곡 2번","=GOOGLETRANSLATE(A501, ""ko"", ""ja"")"
"R석 80,000원
S석 60,000원
A석 50,000원
B석 30,000원
C석 20,000원","=GOOGLETRANSLATE(A502, ""ko"", ""ja"")"
더 보컬리스트: 알리 & 정인 [고창],"=GOOGLETRANSLATE(A503, ""ko"", ""ja"")"
고창문화의전당 공연장,"=GOOGLETRANSLATE(A504, ""ko"", ""ja"")"
전북특별자치도 고창군 고창읍 모양성로 11,"=GOOGLETRANSLATE(A505, ""ko"", ""ja"")"
심규선 x 안예은 콘서트: 어느 봄날,"=GOOGLETRANSLATE(A506, ""ko"", ""ja"")"
"VIP석 132,000원
R석 110,000원","=GOOGLETRANSLATE(A507, ""ko"", ""ja"")"
프린세스 캐치! 티니핑 [고양],"=GOOGLETRANSLATE(A508, ""ko"", ""ja"")"
고양어울림누리 어울림극장,"=GOOGLETRANSLATE(A509, ""ko"", ""ja"")"
경기 고양시 덕양구 어울림로 33,"=GOOGLETRANSLATE(A510, ""ko"", ""ja"")"
대전아트필하모닉오케스트라 기획연주회1: 숨을 고르는 클래식,"=GOOGLETRANSLATE(A511, ""ko"", ""ja"")"
단막극의 발견 [안산],"=GOOGLETRANSLATE(A512, ""ko"", ""ja"")"
안산문화예술의전당 별무리극장,"=GOOGLETRANSLATE(A513, ""ko"", ""ja"")"
김제시 신춘음악회: 송소희 X 두번째달 X 오단해: 모던민요 [김제],"=GOOGLETRANSLATE(A514, ""ko"", ""ja"")"
김제문화예술회관 대공연장,"=GOOGLETRANSLATE(A515, ""ko"", ""ja"")"
전북특별자치도 김제시 성산길 20,"=GOOGLETRANSLATE(A516, ""ko"", ""ja"")"
"전석 7,000원","=GOOGLETRANSLATE(A517, ""ko"", ""ja"")"
홍도,"=GOOGLETRANSLATE(A518, ""ko"", ""ja"")"
예술의전당 CJ 토월극장,"=GOOGLETRANSLATE(A519, ""ko"", ""ja"")"
"OP석 99,000원
R석 99,000원
S석 77,000원
A석 55,000원","=GOOGLETRANSLATE(A520, ""ko"", ""ja"")"
지브리 & 디즈니 OST 콘서트 with 첼로댁 [서울 중구],"=GOOGLETRANSLATE(A521, ""ko"", ""ja"")"
"VIP석 60,000원
R석 50,000원
S석 40,000원
OP석 55,000원
시야방해 VIP석 55,000원
시야방해 R석 45,000원
시야방해 S석 35,000원","=GOOGLETRANSLATE(A522, ""ko"", ""ja"")"
토마스쿡 콘서트: 나의 노래,"=GOOGLETRANSLATE(A523, ""ko"", ""ja"")"
김성녀의 마당놀이: 심청이와 춘향이가 온다 [당진],"=GOOGLETRANSLATE(A524, ""ko"", ""ja"")"
장르자유화 Vol.1 전시회,"=GOOGLETRANSLATE(A525, ""ko"", ""ja"")"
"미디어아트 클래식: 명화, 음악을 만나다 Ⅱ. 에드바르트 뭉크 [서산]","=GOOGLETRANSLATE(A526, ""ko"", ""ja"")"
"S석 20,000원
A석 10,000원","=GOOGLETRANSLATE(A527, ""ko"", ""ja"")"
"금호 위너스, 김강태 Piano","=GOOGLETRANSLATE(A528, ""ko"", ""ja"")"
인어공주 [인천 서구],"=GOOGLETRANSLATE(A529, ""ko"", ""ja"")"
인천 서구 청라대로 26,"=GOOGLETRANSLATE(A530, ""ko"", ""ja"")"
"FULL-RISE, 오드 x 쿠라니 x 블낫블","=GOOGLETRANSLATE(A531, ""ko"", ""ja"")"
스윙홀,"=GOOGLETRANSLATE(A532, ""ko"", ""ja"")"
서울특별시 마포구 동교로 162-5 (서교동),"=GOOGLETRANSLATE(A533, ""ko"", ""ja"")"
"부산시립교향악단 기획음악회, 실내악 시리즈 Ⅰ: 줌인 Ⅰ","=GOOGLETRANSLATE(A534, ""ko"", ""ja"")"
부산문화회관 챔버홀,"=GOOGLETRANSLATE(A535, ""ko"", ""ja"")"
"롤링 31주년 기념공연, 휘나 첫 단독 콘서트: The Call","=GOOGLETRANSLATE(A536, ""ko"", ""ja"")"
소프라노 김은희 리사이틀,"=GOOGLETRANSLATE(A537, ""ko"", ""ja"")"
"부에노스 탱고클럽: El Tango, The Red [고양]","=GOOGLETRANSLATE(A538, ""ko"", ""ja"")"
이앤아이 아트홀,"=GOOGLETRANSLATE(A539, ""ko"", ""ja"")"
경기도 고양시 일산서구 중앙로 1568 (대화동),"=GOOGLETRANSLATE(A540, ""ko"", ""ja"")"
"[공연소개]

부에노스 탱고 클럽 'El TANGO,THE RED'
'붉게 타오르는 탱고, 그 강렬한 밤이 시작됩니다.'

이앤아이아트홀 첫 번째 초청공연
Buenos Tango Club 의 'El Tango, The Red'

2026년 4월 14일(화) 저녁 7시,
이앤아이아트홀에서 탱고의 깊고 강렬한 무대가 펼쳐집니다.

6명의 아티스트들의 손끝에서 피어나는 붉은 열기의 탱고 음악 !!!

이번 공연에서는 아르헨티나 작곡가 **Astor Piazzolla**의 음악을 중심으로,
전통 탱고에 재즈와 클래식의 감성을 더해 탄생한
강렬한 리듬과 깊은 서정성을 지닌 누에보 탱고의 세계를 선보입니다.

붉은 열정과 깊은 울림이 공존하는 탱고의 순간을
이앤아이아트홀에서
Buenos Tango Club의 라이브 연주로 만나보세요.","=GOOGLETRANSLATE(A541, ""ko"", ""ja"")"
"퇴근후N시리즈Ⅰ, 홍대광: 좋은 날","=GOOGLETRANSLATE(A542, ""ko"", ""ja"")"
디어클라우드 전국 투어 콘서트: 4월의 숨,"=GOOGLETRANSLATE(A543, ""ko"", ""ja"")"
샹송 칸초네 팝송 가요의 대향연: 이미배 콘서트,"=GOOGLETRANSLATE(A544, ""ko"", ""ja"")"
GB가빈아트홀,"=GOOGLETRANSLATE(A545, ""ko"", ""ja"")"
서울특별시 강남구 삼성로 534 (삼성동),"=GOOGLETRANSLATE(A546, ""ko"", ""ja"")"
"R석 132,000원","=GOOGLETRANSLATE(A547, ""ko"", ""ja"")"
"영등포아트홀 기획공연, 피터팬","=GOOGLETRANSLATE(A548, ""ko"", ""ja"")"
서울특별시 영등포구 국회대로 596 (당산동3가),"=GOOGLETRANSLATE(A549, ""ko"", ""ja"")"
"일반석 30,000원
2열 할인석 20,000원","=GOOGLETRANSLATE(A550, ""ko"", ""ja"")"
피터팬 [용인],"=GOOGLETRANSLATE(A551, ""ko"", ""ja"")"
노인의 꿈 [경주],"=GOOGLETRANSLATE(A552, ""ko"", ""ja"")"
"꼭두, 80일간의 세계일주 [서울 중구]","=GOOGLETRANSLATE(A553, ""ko"", ""ja"")"
서울남산국악당 크라운해태홀,"=GOOGLETRANSLATE(A554, ""ko"", ""ja"")"
서울 중구 퇴계로34길 28,"=GOOGLETRANSLATE(A555, ""ko"", ""ja"")"
"부산시립합창단, 꿈을 향해","=GOOGLETRANSLATE(A556, ""ko"", ""ja"")"
A Breeze of Memory,"=GOOGLETRANSLATE(A557, ""ko"", ""ja"")"
이상한 나라의 앨리스: 완다랜드 [칠곡],"=GOOGLETRANSLATE(A558, ""ko"", ""ja"")"
칠곡군교육문화회관 대공연장,"=GOOGLETRANSLATE(A559, ""ko"", ""ja"")"
경북 칠곡군 왜관읍 관문로1길 32,"=GOOGLETRANSLATE(A560, ""ko"", ""ja"")"
"전석 10,000원
휠체어석 5,000원","=GOOGLETRANSLATE(A561, ""ko"", ""ja"")"
시인과 촌장 45주년 전국투어 콘서트: 우리의 이야기는 다시 항해가 됩니다,"=GOOGLETRANSLATE(A562, ""ko"", ""ja"")"
"R석 143,000원
S석 132,000원","=GOOGLETRANSLATE(A563, ""ko"", ""ja"")"
목관앙상블과 함께하는 추억의 시네마 콘서트 [성남],"=GOOGLETRANSLATE(A564, ""ko"", ""ja"")"
레이베이 내한공연 [고양],"=GOOGLETRANSLATE(A565, ""ko"", ""ja"")"
킨텍스 제2전시장 9홀,"=GOOGLETRANSLATE(A566, ""ko"", ""ja"")"
경기 고양시 일산서구 킨텍스로 217,"=GOOGLETRANSLATE(A567, ""ko"", ""ja"")"
"ORCHESTRA PIT PACKAGE 314,000원
OPERA STALL PACKAGE 338,000원
스탠딩석 154,000원
지정석 P석 178,000원
지정석 R석 165,000원
지정석 S석 154,000원
지정석 A석 143,000원
지정석 B석 132,000원","=GOOGLETRANSLATE(A568, ""ko"", ""ja"")"
ROSEWOOD Scarlet Syndrome Showcase,"=GOOGLETRANSLATE(A569, ""ko"", ""ja"")"
조항조 전국투어 콘서트: 생각 [경주],"=GOOGLETRANSLATE(A570, ""ko"", ""ja"")"
제206회 국립합창단 정기연주회: 어느 봄날의 꿈,"=GOOGLETRANSLATE(A571, ""ko"", ""ja"")"
하모니 오브 라이트 [완도],"=GOOGLETRANSLATE(A572, ""ko"", ""ja"")"
완도문화예술의전당,"=GOOGLETRANSLATE(A573, ""ko"", ""ja"")"
전라남도 완도군 완도읍 개포로159번길 55,"=GOOGLETRANSLATE(A574, ""ko"", ""ja"")"
인어공주 [포항],"=GOOGLETRANSLATE(A575, ""ko"", ""ja"")"
포항시청 대잠홀,"=GOOGLETRANSLATE(A576, ""ko"", ""ja"")"
Lover's Concert [서울 (앵콜) ],"=GOOGLETRANSLATE(A577, ""ko"", ""ja"")"
"R석 90,000원
S석 70,000원","=GOOGLETRANSLATE(A578, ""ko"", ""ja"")"
꼬마박사 장영실 [인천 서구],"=GOOGLETRANSLATE(A579, ""ko"", ""ja"")"
인천서구문화회관 소공연장,"=GOOGLETRANSLATE(A580, ""ko"", ""ja"")"
인천 서구 서달로 190,"=GOOGLETRANSLATE(A581, ""ko"", ""ja"")"
백설공주 [포항],"=GOOGLETRANSLATE(A582, ""ko"", ""ja"")"
"국립극단, 그의 어머니 Mother of Him","=GOOGLETRANSLATE(A583, ""ko"", ""ja"")"
"제3회 아뜰리에 오브 보이스 정기연주회, Singers of God: 하나님을 찬양하는 사람들","=GOOGLETRANSLATE(A584, ""ko"", ""ja"")"
로데아트센터 콘서트홀,"=GOOGLETRANSLATE(A585, ""ko"", ""ja"")"
서울 서초구 남부순환로317길 79,"=GOOGLETRANSLATE(A586, ""ko"", ""ja"")"
박강수 콘서트: 봄이 온단다,"=GOOGLETRANSLATE(A587, ""ko"", ""ja"")"
꿈꾸는씨어터,"=GOOGLETRANSLATE(A588, ""ko"", ""ja"")"
대구광역시 남구 현충로 148 (대명동),"=GOOGLETRANSLATE(A589, ""ko"", ""ja"")"
오렌지 스카이 [대학로],"=GOOGLETRANSLATE(A590, ""ko"", ""ja"")"
"국립합창단, Classic Serenade [속초]","=GOOGLETRANSLATE(A591, ""ko"", ""ja"")"
속초문화예술회관 대공연장,"=GOOGLETRANSLATE(A592, ""ko"", ""ja"")"
강원 속초시 번영로 155,"=GOOGLETRANSLATE(A593, ""ko"", ""ja"")"
관악청년포크협의회 2026년 임시총회,"=GOOGLETRANSLATE(A594, ""ko"", ""ja"")"
매직키즈 버블쇼,"=GOOGLETRANSLATE(A595, ""ko"", ""ja"")"
대백프라자 프라임홀,"=GOOGLETRANSLATE(A596, ""ko"", ""ja"")"
웅도 경북 그랜드 콘서트 [안동],"=GOOGLETRANSLATE(A597, ""ko"", ""ja"")"
경북도청 동락관,"=GOOGLETRANSLATE(A598, ""ko"", ""ja"")"
경상북도 안동시 풍천면 도청대로 455,"=GOOGLETRANSLATE(A599, ""ko"", ""ja"")"
"그루브 재즈데이, ZAG Trio 콘서트","=GOOGLETRANSLATE(A600, ""ko"", ""ja"")"
제23회 그린필심포니오케스트라 정기연주회,"=GOOGLETRANSLATE(A601, ""ko"", ""ja"")"
리브 어 라이브 [대학로],"=GOOGLETRANSLATE(A602, ""ko"", ""ja"")"
DOHA Birthday Party,"=GOOGLETRANSLATE(A603, ""ko"", ""ja"")"
온맘씨어터,"=GOOGLETRANSLATE(A604, ""ko"", ""ja"")"
서울특별시 마포구 어울마당로 94-8 (서교동),"=GOOGLETRANSLATE(A605, ""ko"", ""ja"")"
소가 된 게으름뱅이,"=GOOGLETRANSLATE(A606, ""ko"", ""ja"")"
더: 매직서커스,"=GOOGLETRANSLATE(A607, ""ko"", ""ja"")"
우리 아빠가 최고야 [과천],"=GOOGLETRANSLATE(A608, ""ko"", ""ja"")"
과천시민회관 대극장,"=GOOGLETRANSLATE(A609, ""ko"", ""ja"")"
경기도 과천시 통영로 5,"=GOOGLETRANSLATE(A610, ""ko"", ""ja"")"
D82 1st 전국 투어 콘서트 ACT TWO: 82,"=GOOGLETRANSLATE(A611, ""ko"", ""ja"")"
인터플레이,"=GOOGLETRANSLATE(A612, ""ko"", ""ja"")"
대전광역시 서구 대덕대로162번길 11 (갈마동),"=GOOGLETRANSLATE(A613, ""ko"", ""ja"")"
"현대카드 Curated 104, 김승주","=GOOGLETRANSLATE(A614, ""ko"", ""ja"")"
현대카드 언더스테이지 스튜디오,"=GOOGLETRANSLATE(A615, ""ko"", ""ja"")"
서울 용산구 이태원로 246,"=GOOGLETRANSLATE(A616, ""ko"", ""ja"")"
"롤링 31주년 기념공연, 헤이맨 단독콘서트: re: start part Ⅰ","=GOOGLETRANSLATE(A617, ""ko"", ""ja"")"
"숲세권 라이브 왁스 콘서트, 3579: 봄의 문턱, 우리의 프롤로그","=GOOGLETRANSLATE(A618, ""ko"", ""ja"")"
"현장판매 90,000원
사전예약 88,000원","=GOOGLETRANSLATE(A619, ""ko"", ""ja"")"
하나앙상블 창단연주회 [안산],"=GOOGLETRANSLATE(A620, ""ko"", ""ja"")"
안산문화예술의전당 달맞이극장,"=GOOGLETRANSLATE(A621, ""ko"", ""ja"")"
"먼데이프로젝트X숲세권 MONDAY: SOOP, 안희수 단독 콘서트","=GOOGLETRANSLATE(A622, ""ko"", ""ja"")"
"롤링 31주년 기념공연, 포져군단 단독콘서트: 해피 댄스","=GOOGLETRANSLATE(A623, ""ko"", ""ja"")"
어린이 서커스 쇼 [해남],"=GOOGLETRANSLATE(A624, ""ko"", ""ja"")"
해남문화예술회관 대공연장,"=GOOGLETRANSLATE(A625, ""ko"", ""ja"")"
전남 해남군 해남읍 군청길 4,"=GOOGLETRANSLATE(A626, ""ko"", ""ja"")"
"롤링 31주년 기념공연, 크라잉넛 단독콘서트: 3,2,1 Bang!","=GOOGLETRANSLATE(A627, ""ko"", ""ja"")"
"직장인을 위한 퇴근길 콘서트 Ⅳ, 뮤지컬의 밤","=GOOGLETRANSLATE(A628, ""ko"", ""ja"")"
쿠키맨 [전주],"=GOOGLETRANSLATE(A629, ""ko"", ""ja"")"
전라북도 전주시 덕진구 권삼득로 407 (덕진동2가),"=GOOGLETRANSLATE(A630, ""ko"", ""ja"")"
어쩌면 해피엔딩,"=GOOGLETRANSLATE(A631, ""ko"", ""ja"")"
계명아트센터,"=GOOGLETRANSLATE(A632, ""ko"", ""ja"")"
대구광역시 달서구 달구벌대로 1095 - 0 계명대학교,"=GOOGLETRANSLATE(A633, ""ko"", ""ja"")"
"R석 90,000원
S석 80,000원","=GOOGLETRANSLATE(A634, ""ko"", ""ja"")"
어린이 서커스 쇼 [목포],"=GOOGLETRANSLATE(A635, ""ko"", ""ja"")"
M & M 시리즈 Ⅲ: 마르티누 & 이혁·이효,"=GOOGLETRANSLATE(A636, ""ko"", ""ja"")"
"R석 40,000원
S석 30,000원
A석 20,000원","=GOOGLETRANSLATE(A637, ""ko"", ""ja"")"
로미오와 줄리엣 The Clown [서울 용산],"=GOOGLETRANSLATE(A638, ""ko"", ""ja"")"
더 줌 아트센터,"=GOOGLETRANSLATE(A639, ""ko"", ""ja"")"
서울특별시 용산구 독서당로 111 (한남동),"=GOOGLETRANSLATE(A640, ""ko"", ""ja"")"
지브리와 사랑에 빠지다: 지브리 영화음악 콘서트 [파주],"=GOOGLETRANSLATE(A641, ""ko"", ""ja"")"
솔가람아트홀 대공연장,"=GOOGLETRANSLATE(A642, ""ko"", ""ja"")"
강원특별자치도 강릉시 동해대로 3288-18,"=GOOGLETRANSLATE(A643, ""ko"", ""ja"")"
백설공주 [울산 북구],"=GOOGLETRANSLATE(A644, ""ko"", ""ja"")"
울산북구문화예술회관 공연장,"=GOOGLETRANSLATE(A645, ""ko"", ""ja"")"
울산 북구 산업로 1000,"=GOOGLETRANSLATE(A646, ""ko"", ""ja"")"
스와니랩소디,"=GOOGLETRANSLATE(A647, ""ko"", ""ja"")"
토끼와 자라,"=GOOGLETRANSLATE(A648, ""ko"", ""ja"")"
신데렐라 [군산],"=GOOGLETRANSLATE(A649, ""ko"", ""ja"")"
피노키오 [파주],"=GOOGLETRANSLATE(A650, ""ko"", ""ja"")"
수호천사 뮤직콘서트,"=GOOGLETRANSLATE(A651, ""ko"", ""ja"")"
"유진규 마임, 꽃: 사라지며 피어나다","=GOOGLETRANSLATE(A652, ""ko"", ""ja"")"
세이레아트센터,"=GOOGLETRANSLATE(A653, ""ko"", ""ja"")"
제주특별자치도 제주시 서광로 182-6 (삼도일동),"=GOOGLETRANSLATE(A654, ""ko"", ""ja"")"
"먼데이프로젝트X숲세권 MONDAY: SOOP, 스트레이 단독 콘서트","=GOOGLETRANSLATE(A655, ""ko"", ""ja"")"
히사이시 조 영화음악 콘서트 [부천],"=GOOGLETRANSLATE(A656, ""ko"", ""ja"")"
제13회 오케스트라 사이엔티아 정기연주회,"=GOOGLETRANSLATE(A657, ""ko"", ""ja"")"
불편한 편의점 [김천],"=GOOGLETRANSLATE(A658, ""ko"", ""ja"")"
김천시립문화회관,"=GOOGLETRANSLATE(A659, ""ko"", ""ja"")"
경상북도 김천시 김천로 200 (남산동),"=GOOGLETRANSLATE(A660, ""ko"", ""ja"")"
"숲세권 라이브, 별은 단독 공연: 강아지 풀","=GOOGLETRANSLATE(A661, ""ko"", ""ja"")"
직장인을 위한 퇴근길 콘서트 Ⅱ. 축제의 시작,"=GOOGLETRANSLATE(A662, ""ko"", ""ja"")"
"먼데이프로젝트 시즌9, Heart & Friends [서울 (앵콜) ]","=GOOGLETRANSLATE(A663, ""ko"", ""ja"")"
어쩌면 해피엔딩 [평택],"=GOOGLETRANSLATE(A664, ""ko"", ""ja"")"
평택아트센터 대공연장,"=GOOGLETRANSLATE(A665, ""ko"", ""ja"")"
경기 평택시 중앙로 260,"=GOOGLETRANSLATE(A666, ""ko"", ""ja"")"
M & M 시리즈 Ⅳ. 시벨리우스 & 박수예,"=GOOGLETRANSLATE(A667, ""ko"", ""ja"")"
햇님달님 [김포],"=GOOGLETRANSLATE(A668, ""ko"", ""ja"")"
"직장인을 위한 퇴근길 콘서트 Ⅰ. 희망, 고난, 승리의 소리","=GOOGLETRANSLATE(A669, ""ko"", ""ja"")"
대구광역시 수성구 동대구로 176 (황금동),"=GOOGLETRANSLATE(A670, ""ko"", ""ja"")"
"POINT : lovelovelove - 숨비, 시황","=GOOGLETRANSLATE(A671, ""ko"", ""ja"")"
서울돈화문국악당개관 10주년 기념: 산조대전,"=GOOGLETRANSLATE(A672, ""ko"", ""ja"")"
서울돈화문국악당,"=GOOGLETRANSLATE(A673, ""ko"", ""ja"")"
서울특별시 종로구 율곡로 102 - 0,"=GOOGLETRANSLATE(A674, ""ko"", ""ja"")"
얼굴과 얼굴 마주;봄 [서울 구로],"=GOOGLETRANSLATE(A675, ""ko"", ""ja"")"
구로창의아트홀,"=GOOGLETRANSLATE(A676, ""ko"", ""ja"")"
서울특별시 구로구 경인로 416 (고척동),"=GOOGLETRANSLATE(A677, ""ko"", ""ja"")"
"체험석 20,000원
관람석 5,000원","=GOOGLETRANSLATE(A678, ""ko"", ""ja"")"
프린세스 스쿨 [구미],"=GOOGLETRANSLATE(A679, ""ko"", ""ja"")"
구미시문화예술회관 소공연장,"=GOOGLETRANSLATE(A680, ""ko"", ""ja"")"
경북 구미시 송정대로 89,"=GOOGLETRANSLATE(A681, ""ko"", ""ja"")"
M & M 시리즈 Ⅱ: 구노의 장엄미사,"=GOOGLETRANSLATE(A682, ""ko"", ""ja"")"
제2회 라온브라스앙상블 정기연주회 with 에릭오비에 again [용인],"=GOOGLETRANSLATE(A683, ""ko"", ""ja"")"
빌라드파넬,"=GOOGLETRANSLATE(A684, ""ko"", ""ja"")"
스쿨 매직콘서트 [김해],"=GOOGLETRANSLATE(A685, ""ko"", ""ja"")"
김해문화의전당 누리홀,"=GOOGLETRANSLATE(A686, ""ko"", ""ja"")"
경남 김해시 김해대로 2060,"=GOOGLETRANSLATE(A687, ""ko"", ""ja"")"
"돔박아시, 고이래 [대학로]","=GOOGLETRANSLATE(A688, ""ko"", ""ja"")"
대학로예술극장 소극장,"=GOOGLETRANSLATE(A689, ""ko"", ""ja"")"
"오페라 정원, 카발레리아 루스티카나 [성남]","=GOOGLETRANSLATE(A690, ""ko"", ""ja"")"
브람스의 실내악,"=GOOGLETRANSLATE(A691, ""ko"", ""ja"")"
"롤링 31주년 기념공연, DOYOUKA LIVE","=GOOGLETRANSLATE(A692, ""ko"", ""ja"")"
"Wine & Music Night: Jazz & Tango, 와인과 함께 즐기는 재즈 & 탱고 라이브","=GOOGLETRANSLATE(A693, ""ko"", ""ja"")"
엘림아트센터 챔버홀,"=GOOGLETRANSLATE(A694, ""ko"", ""ja"")"
인천 서구 크리스탈로 78,"=GOOGLETRANSLATE(A695, ""ko"", ""ja"")"
김현정 피아노 독주회: 베토벤 32 전곡 소나타 중 시즌 1 [목포],"=GOOGLETRANSLATE(A696, ""ko"", ""ja"")"
"봄을 알리는 콘서트, 이지훈 & 홍지민","=GOOGLETRANSLATE(A697, ""ko"", ""ja"")"
김새롬 즉흥 피아노 콘서트 VOL.10: Universe of Love,"=GOOGLETRANSLATE(A698, ""ko"", ""ja"")"
도비비: 또 잠금해제,"=GOOGLETRANSLATE(A699, ""ko"", ""ja"")"
"VIP석 77,000원
일반석 55,000원","=GOOGLETRANSLATE(A700, ""ko"", ""ja"")"
"DJ Soulscape Curated 28, eldon","=GOOGLETRANSLATE(A701, ""ko"", ""ja"")"
"국립심포니오케스트라, 피터와 늑대 & 어미 거위 [여수]","=GOOGLETRANSLATE(A702, ""ko"", ""ja"")"
GS칼텍스 예울마루 대극장,"=GOOGLETRANSLATE(A703, ""ko"", ""ja"")"
전남 여수시 예울마루로 100,"=GOOGLETRANSLATE(A704, ""ko"", ""ja"")"
김창완밴드 전국투어 시즌4: 하루 [김해],"=GOOGLETRANSLATE(A705, ""ko"", ""ja"")"
김해문화의전당 마루홀,"=GOOGLETRANSLATE(A706, ""ko"", ""ja"")"
"R석 132,000원
S석 121,000원
A석 110,000원","=GOOGLETRANSLATE(A707, ""ko"", ""ja"")"
반짝반짝 빛나는 마술사의 방 [광명],"=GOOGLETRANSLATE(A708, ""ko"", ""ja"")"
광명문화예술교육지원센터 광명극장,"=GOOGLETRANSLATE(A709, ""ko"", ""ja"")"
경기도 광명시 철망산로 2(하안동),"=GOOGLETRANSLATE(A710, ""ko"", ""ja"")"
"직장인을 위한 퇴근길 콘서트 Ⅲ, 심포니 릴레이","=GOOGLETRANSLATE(A711, ""ko"", ""ja"")"
강희윤 첼로 독주회: Hola! Espana,"=GOOGLETRANSLATE(A712, ""ko"", ""ja"")"
바이올리니스트 오진주 리사이틀,"=GOOGLETRANSLATE(A713, ""ko"", ""ja"")"
오즈 사이언스 (OZ Science),"=GOOGLETRANSLATE(A714, ""ko"", ""ja"")"
"HWA: HAP (화합) , HYO SHOWCASE: MOVEURBODY (춤춰)","=GOOGLETRANSLATE(A715, ""ko"", ""ja"")"
에스팩토리 D동,"=GOOGLETRANSLATE(A716, ""ko"", ""ja"")"
서울 성동구 연무장15길 11,"=GOOGLETRANSLATE(A717, ""ko"", ""ja"")"
꼬마박사 장영실 [남양주],"=GOOGLETRANSLATE(A718, ""ko"", ""ja"")"
다산아트홀,"=GOOGLETRANSLATE(A719, ""ko"", ""ja"")"
경기도 남양주시 다산중앙로 7 (다산동),"=GOOGLETRANSLATE(A720, ""ko"", ""ja"")"
"신축음악회, 명작국악트롯: 화음춘연 [영천]","=GOOGLETRANSLATE(A721, ""ko"", ""ja"")"
영천시민회관 스타홀,"=GOOGLETRANSLATE(A722, ""ko"", ""ja"")"
경북 영천시 동부로 31,"=GOOGLETRANSLATE(A723, ""ko"", ""ja"")"
"롤링 31주년 기념공연, 산만한시선 단독 콘서트: 개의 심장","=GOOGLETRANSLATE(A724, ""ko"", ""ja"")"
"사랑의 가능성, 2%","=GOOGLETRANSLATE(A725, ""ko"", ""ja"")"
스페이스한강,"=GOOGLETRANSLATE(A726, ""ko"", ""ja"")"
서울특별시 마포구 와우산로 128(창전동),"=GOOGLETRANSLATE(A727, ""ko"", ""ja"")"
"문별 CONCERT, MUSEUM: village of eternal glow","=GOOGLETRANSLATE(A728, ""ko"", ""ja"")"
사랑을 이루어 드립니다,"=GOOGLETRANSLATE(A729, ""ko"", ""ja"")"
가온아트홀 2관,"=GOOGLETRANSLATE(A730, ""ko"", ""ja"")"
초승 EP 발매 기념 단독 콘서트: 쓸모의 자리,"=GOOGLETRANSLATE(A731, ""ko"", ""ja"")"
웨스트브릿지 라이브홀,"=GOOGLETRANSLATE(A732, ""ko"", ""ja"")"
서울특별시 마포구 와우산로25길 6 (서교동),"=GOOGLETRANSLATE(A733, ""ko"", ""ja"")"
알라딘,"=GOOGLETRANSLATE(A734, ""ko"", ""ja"")"
"On Screen Concert, 할리우드 갈라 콘서트 [부산] (영상화)","=GOOGLETRANSLATE(A735, ""ko"", ""ja"")"
해운대문화회관 고운홀,"=GOOGLETRANSLATE(A736, ""ko"", ""ja"")"
오싹한 알바,"=GOOGLETRANSLATE(A737, ""ko"", ""ja"")"
초콜릿팩토리,"=GOOGLETRANSLATE(A738, ""ko"", ""ja"")"
부산광역시 남구 수영로 298 (대연동),"=GOOGLETRANSLATE(A739, ""ko"", ""ja"")"
어쩌면 해피엔딩 [창원],"=GOOGLETRANSLATE(A740, ""ko"", ""ja"")"
제200회 창원시립합창단 정기연주회: 모차르트 탄생 270주년 기념 오페라 갈라콘서트 [창원],"=GOOGLETRANSLATE(A741, ""ko"", ""ja"")"
나의 아저씨 [수원],"=GOOGLETRANSLATE(A742, ""ko"", ""ja"")"
"R석 60,000원
S석 40,000원
A석 20,000원","=GOOGLETRANSLATE(A743, ""ko"", ""ja"")"
모든 날 모든 순간 [수원],"=GOOGLETRANSLATE(A744, ""ko"", ""ja"")"
제6회 울림 색소폰 앙상블 정기연주회,"=GOOGLETRANSLATE(A745, ""ko"", ""ja"")"
최현우 19+Ⅰ [용인],"=GOOGLETRANSLATE(A746, ""ko"", ""ja"")"
"R석 99,000원
S석 77,000원","=GOOGLETRANSLATE(A747, ""ko"", ""ja"")"
M&M 시리즈 Ⅰ: 프로코피예프 & 최송하,"=GOOGLETRANSLATE(A748, ""ko"", ""ja"")"
"KNN방송교향악단 창단 10주년 기념 한국가곡 대축제, 김효근 K-아트팝 가곡의 밤: 가장 아름다운 노래","=GOOGLETRANSLATE(A749, ""ko"", ""ja"")"
바다 속 버블왕국 아쿠아쇼,"=GOOGLETRANSLATE(A750, ""ko"", ""ja"")"
INDIE’D: HERE AND NOW Vol.1,"=GOOGLETRANSLATE(A751, ""ko"", ""ja"")"
듈스튜디오,"=GOOGLETRANSLATE(A752, ""ko"", ""ja"")"
서울특별시 마포구 잔다리로 20 (서교동),"=GOOGLETRANSLATE(A753, ""ko"", ""ja"")"
"를 빌려드립니다: 정민혁, 찬민","=GOOGLETRANSLATE(A754, ""ko"", ""ja"")"
"롤링 31주년 기념공연, ChRocktikal The 1st World Tour: CRTK : The Beginning","=GOOGLETRANSLATE(A755, ""ko"", ""ja"")"
복순이 할배,"=GOOGLETRANSLATE(A756, ""ko"", ""ja"")"
"프랑스 스트라스부르 국립극장, 라크리마 [성남]","=GOOGLETRANSLATE(A757, ""ko"", ""ja"")"
성남아트센터 오페라하우스,"=GOOGLETRANSLATE(A758, ""ko"", ""ja"")"
"멜로우TV: Run it up, 팀 나빠 [전주]","=GOOGLETRANSLATE(A759, ""ko"", ""ja"")"
"국립정동극장 예술단, 광대","=GOOGLETRANSLATE(A760, ""ko"", ""ja"")"
국립정동극장,"=GOOGLETRANSLATE(A761, ""ko"", ""ja"")"
클라라 주미 강 & 김선욱 듀오 리사이틀 (05.23),"=GOOGLETRANSLATE(A762, ""ko"", ""ja"")"
서편제,"=GOOGLETRANSLATE(A763, ""ko"", ""ja"")"
"VIP석 150,000원
R석 120,000원
S석 90,000원
A석 60,000원","=GOOGLETRANSLATE(A764, ""ko"", ""ja"")"
처어어어어엇걸음,"=GOOGLETRANSLATE(A765, ""ko"", ""ja"")"
공간 서론,"=GOOGLETRANSLATE(A766, ""ko"", ""ja"")"
서울특별시 성북구 동소문로 24 (동소문동2가),"=GOOGLETRANSLATE(A767, ""ko"", ""ja"")"
어린이 서커스 쇼 [양주],"=GOOGLETRANSLATE(A768, ""ko"", ""ja"")"
경기섬유종합지원센터 대강당,"=GOOGLETRANSLATE(A769, ""ko"", ""ja"")"
경기 양주시 평화로 1215,"=GOOGLETRANSLATE(A770, ""ko"", ""ja"")"
피터팬,"=GOOGLETRANSLATE(A771, ""ko"", ""ja"")"
아트버블쇼 [전주],"=GOOGLETRANSLATE(A772, ""ko"", ""ja"")"
지브리 & 디즈니 OST 콘서트 with 첼로댁 [성남],"=GOOGLETRANSLATE(A773, ""ko"", ""ja"")"
"VIP석 60,000원
R석 50,000원
S석 40,000원","=GOOGLETRANSLATE(A774, ""ko"", ""ja"")"
KT와 함께하는 예술의전당 마음을 담은 클래식 (3월),"=GOOGLETRANSLATE(A775, ""ko"", ""ja"")"
정의경 피아노 독주회,"=GOOGLETRANSLATE(A776, ""ko"", ""ja"")"
해리엇,"=GOOGLETRANSLATE(A777, ""ko"", ""ja"")"
"그루브 재즈데이, 밴드 느와르","=GOOGLETRANSLATE(A778, ""ko"", ""ja"")"
아리아라리 [정선],"=GOOGLETRANSLATE(A779, ""ko"", ""ja"")"
정선아리랑센터 아리랑홀,"=GOOGLETRANSLATE(A780, ""ko"", ""ja"")"
강원특별자치도 정선군 정선읍 정선로 411,"=GOOGLETRANSLATE(A781, ""ko"", ""ja"")"
"이자람 판소리: 눈, 눈, 눈 [성남]","=GOOGLETRANSLATE(A782, ""ko"", ""ja"")"
분홍립스틱 [여주],"=GOOGLETRANSLATE(A783, ""ko"", ""ja"")"
세종국악당,"=GOOGLETRANSLATE(A784, ""ko"", ""ja"")"
경기도 여주시 영릉로 125 (하동),"=GOOGLETRANSLATE(A785, ""ko"", ""ja"")"
윤마치를 축하하세요,"=GOOGLETRANSLATE(A786, ""ko"", ""ja"")"
도원경 콘서트: 나의 꿈을 향해서,"=GOOGLETRANSLATE(A787, ""ko"", ""ja"")"
할래?! 말래,"=GOOGLETRANSLATE(A788, ""ko"", ""ja"")"
정글북 [수원],"=GOOGLETRANSLATE(A789, ""ko"", ""ja"")"
경기도 수원시 장안구 송원로 101 (조원동),"=GOOGLETRANSLATE(A790, ""ko"", ""ja"")"
The 심수봉 SHOW [부천],"=GOOGLETRANSLATE(A791, ""ko"", ""ja"")"
"VIP석 121,000원
R석 110,000원
S석 88,000원","=GOOGLETRANSLATE(A792, ""ko"", ""ja"")"
"변진섭 전국투어 콘서트, 변천사 시즌 2.5: 시간여행 [구미]","=GOOGLETRANSLATE(A793, ""ko"", ""ja"")"
구미시문화예술회관 대공연장,"=GOOGLETRANSLATE(A794, ""ko"", ""ja"")"
"VIP석 143,000원
R석 110,000원
S석 99,000원
A석 88,000원","=GOOGLETRANSLATE(A795, ""ko"", ""ja"")"
아이들콘서트: 클래식 with 디토 오케스트라,"=GOOGLETRANSLATE(A796, ""ko"", ""ja"")"
서울특별시 종로구 성균관로 91 - 0 국민생활관,"=GOOGLETRANSLATE(A797, ""ko"", ""ja"")"
꼬마버스 타요: 소원을 들어주는 요술 지팡이 대소동 [창원],"=GOOGLETRANSLATE(A798, ""ko"", ""ja"")"
헬로카봇 스페셜 시즌 9: 전설의 용사를 찾아서 [인천 서구],"=GOOGLETRANSLATE(A799, ""ko"", ""ja"")"
인천서구문화회관 대공연장,"=GOOGLETRANSLATE(A800, ""ko"", ""ja"")"
십번기 [수원],"=GOOGLETRANSLATE(A801, ""ko"", ""ja"")"
정조테마공연장,"=GOOGLETRANSLATE(A802, ""ko"", ""ja"")"
아기돼지 삼형제 [인천 서구],"=GOOGLETRANSLATE(A803, ""ko"", ""ja"")"
더 펜,"=GOOGLETRANSLATE(A804, ""ko"", ""ja"")"
"현대음악앙상블 위로 X 미디어아티스트 윤제호, 빛의 음악: la musique de la lumiere","=GOOGLETRANSLATE(A805, ""ko"", ""ja"")"
하남문화재단 문화가 있는 날 #2 피아니스트 조재혁: 모차르트와 친구들 [하남],"=GOOGLETRANSLATE(A806, ""ko"", ""ja"")"
하남문화예술회관 검단홀(대극장),"=GOOGLETRANSLATE(A807, ""ko"", ""ja"")"
경기 하남시 신평로 125,"=GOOGLETRANSLATE(A808, ""ko"", ""ja"")"
뽀로로와 신비한 여행 [서울 (앵콜) ],"=GOOGLETRANSLATE(A809, ""ko"", ""ja"")"
"국립극단, 태풍 [성남]","=GOOGLETRANSLATE(A810, ""ko"", ""ja"")"
미스트롯4 전국투어 콘서트: 트롯으로 세상을 홀려라 [고양],"=GOOGLETRANSLATE(A811, ""ko"", ""ja"")"
고양아람누리 아람극장,"=GOOGLETRANSLATE(A812, ""ko"", ""ja"")"
TAKANE NO NADESHIKO Live Tour: Bouquet of 9 Flowers,"=GOOGLETRANSLATE(A813, ""ko"", ""ja"")"
"VIP석 121,000원
일반석 99,000원","=GOOGLETRANSLATE(A814, ""ko"", ""ja"")"
"베베핀, 두근두근 새친구","=GOOGLETRANSLATE(A815, ""ko"", ""ja"")"
"문래재즈IN, 연중스페셜: 임미정 & 박윤우 Duo concert","=GOOGLETRANSLATE(A816, ""ko"", ""ja"")"
문래재즈IN,"=GOOGLETRANSLATE(A817, ""ko"", ""ja"")"
서울특별시 영등포구 도림로 475 (문래동4가),"=GOOGLETRANSLATE(A818, ""ko"", ""ja"")"
프린세스 공주뮤지컬쇼 [수원],"=GOOGLETRANSLATE(A819, ""ko"", ""ja"")"
쎄시봉: The Last Concert,"=GOOGLETRANSLATE(A820, ""ko"", ""ja"")"
충남대학교 정심화국제문화회관 정심화홀,"=GOOGLETRANSLATE(A821, ""ko"", ""ja"")"
대전 유성구 대학로 99,"=GOOGLETRANSLATE(A822, ""ko"", ""ja"")"
"R석 154,000원
S석 132,000원","=GOOGLETRANSLATE(A823, ""ko"", ""ja"")"
eill 내한공연 (eill ACTION ASIA TOUR),"=GOOGLETRANSLATE(A824, ""ko"", ""ja"")"
"VIP석 138,000원
일반석 99,000원","=GOOGLETRANSLATE(A825, ""ko"", ""ja"")"
로맨틱 나이트,"=GOOGLETRANSLATE(A826, ""ko"", ""ja"")"
"R석 110,000원
S석 90,000원
A석 70,000원
B석 50,000원","=GOOGLETRANSLATE(A827, ""ko"", ""ja"")"
싯다르타,"=GOOGLETRANSLATE(A828, ""ko"", ""ja"")"
"VIP석 130,000원
R석 110,000원
S석 90,000원
A석 60,000원","=GOOGLETRANSLATE(A829, ""ko"", ""ja"")"
토마스 스트로넨 내한공연,"=GOOGLETRANSLATE(A830, ""ko"", ""ja"")"
아기돼지삼형제: 늑대숲 또옹돼지 원정대 [광명],"=GOOGLETRANSLATE(A831, ""ko"", ""ja"")"
어린이 서커스 쇼 [양산],"=GOOGLETRANSLATE(A832, ""ko"", ""ja"")"
웅상문화체육센터 공연장,"=GOOGLETRANSLATE(A833, ""ko"", ""ja"")"
경남 양산시 모래들길 57-57,"=GOOGLETRANSLATE(A834, ""ko"", ""ja"")"
"이자람 판소리: 눈, 눈, 눈 [고양]","=GOOGLETRANSLATE(A835, ""ko"", ""ja"")"
"1층석 50,000원
2층석 40,000원","=GOOGLETRANSLATE(A836, ""ko"", ""ja"")"
이혼고백서,"=GOOGLETRANSLATE(A837, ""ko"", ""ja"")"
여행자극장,"=GOOGLETRANSLATE(A838, ""ko"", ""ja"")"
서울특별시 성북구 성북로5길 9-3 (성북동1가),"=GOOGLETRANSLATE(A839, ""ko"", ""ja"")"
꼬마버스 타요: 소원을 들어주는 요술 지팡이 대소동 [서울 강동],"=GOOGLETRANSLATE(A840, ""ko"", ""ja"")"
"Rode Joint Recital #9, Pf 전기백 & Vc 김태희","=GOOGLETRANSLATE(A841, ""ko"", ""ja"")"
"이소영 크리틱뮤지킹 5. 작곡가 초청시리즈, 이신우: 성스러운 봄","=GOOGLETRANSLATE(A842, ""ko"", ""ja"")"
제86회 제주특별자치도립 서귀포합창단 정기연주회: 그대 앞에 봄이 있다,"=GOOGLETRANSLATE(A843, ""ko"", ""ja"")"
"6인 음악회: 가사, 가지 않는 길을 찾아서","=GOOGLETRANSLATE(A844, ""ko"", ""ja"")"
나 그대에게 [사천],"=GOOGLETRANSLATE(A845, ""ko"", ""ja"")"
사천문화예술회관 대공연장,"=GOOGLETRANSLATE(A846, ""ko"", ""ja"")"
경남 사천시 삼천포대교로 471,"=GOOGLETRANSLATE(A847, ""ko"", ""ja"")"
인어공주 [목포],"=GOOGLETRANSLATE(A848, ""ko"", ""ja"")"
세상에서 가장 신기한 마술,"=GOOGLETRANSLATE(A849, ""ko"", ""ja"")"
하땅세극장,"=GOOGLETRANSLATE(A850, ""ko"", ""ja"")"
서울특별시 성북구 성북로 5-7(성북동1가),"=GOOGLETRANSLATE(A851, ""ko"", ""ja"")"
알라딘과 요술램프 [목포],"=GOOGLETRANSLATE(A852, ""ko"", ""ja"")"
"사전예약 10,000원
전석 30,000원","=GOOGLETRANSLATE(A853, ""ko"", ""ja"")"
99%천재일기 (99퍼센트 천재일기),"=GOOGLETRANSLATE(A854, ""ko"", ""ja"")"
앙상블 헤어츠와 함께하는 동화 쏙! 클래식 - 피노키오 (3월),"=GOOGLETRANSLATE(A855, ""ko"", ""ja"")"
괴담낭독클럽,"=GOOGLETRANSLATE(A856, ""ko"", ""ja"")"
나온씨어터,"=GOOGLETRANSLATE(A857, ""ko"", ""ja"")"
서울특별시 종로구 혜화로9길 7 (명륜1가),"=GOOGLETRANSLATE(A858, ""ko"", ""ja"")"
아기돼지 삼형제 [안산 단원],"=GOOGLETRANSLATE(A859, ""ko"", ""ja"")"
난쟁이들 [군포],"=GOOGLETRANSLATE(A860, ""ko"", ""ja"")"
군포문화예술회관 철쭉홀,"=GOOGLETRANSLATE(A861, ""ko"", ""ja"")"
"안애순 컴퍼니, 춤이 말하다: 문소리 x 리아킴 [고양]","=GOOGLETRANSLATE(A862, ""ko"", ""ja"")"
난타 [당진],"=GOOGLETRANSLATE(A863, ""ko"", ""ja"")"
천방지축 빼꼼의 동화여행 [부천],"=GOOGLETRANSLATE(A864, ""ko"", ""ja"")"
백건우와 슈베르트 [안성],"=GOOGLETRANSLATE(A865, ""ko"", ""ja"")"
"R석 50,000원
S석 40,000원
A석 30,000원
학생석 10,000원","=GOOGLETRANSLATE(A866, ""ko"", ""ja"")"
난쟁이들 [제천],"=GOOGLETRANSLATE(A867, ""ko"", ""ja"")"
제천예술의전당 대공연장,"=GOOGLETRANSLATE(A868, ""ko"", ""ja"")"
충북 제천시 내토로 204,"=GOOGLETRANSLATE(A869, ""ko"", ""ja"")"
"R석 60,000원
OP석 50,000원
S석 50,000원
A석 30,000원","=GOOGLETRANSLATE(A870, ""ko"", ""ja"")"
지브리를 품은 클래식: 초록이 아름다운 오후,"=GOOGLETRANSLATE(A871, ""ko"", ""ja"")"
조희창의 토요 클래식 살롱 Ⅱ. 봄날의 스윙 [경주],"=GOOGLETRANSLATE(A872, ""ko"", ""ja"")"
경주예술의전당 소공연장(원화홀),"=GOOGLETRANSLATE(A873, ""ko"", ""ja"")"
"광주시립교향악단, GSO 체임버 시리즈Ⅰ: From Vienna to Bohemia","=GOOGLETRANSLATE(A874, ""ko"", ""ja"")"
반짝반짝 빛나는 마술사의 방 [하남],"=GOOGLETRANSLATE(A875, ""ko"", ""ja"")"
하남문화예술회관 아랑홀(소극장),"=GOOGLETRANSLATE(A876, ""ko"", ""ja"")"
등등곡 [고양],"=GOOGLETRANSLATE(A877, ""ko"", ""ja"")"
"불꽃처럼 뜨거웠던 청춘의 기억을 깨우는 단 하나의 무대, 콘서트누리 홍서범 [김해]","=GOOGLETRANSLATE(A878, ""ko"", ""ja"")"
"저녁의음악회, 고귀한 음색으로 완성되는 성악의 정수 테너 김세일의 시인의 사랑 [김해]","=GOOGLETRANSLATE(A879, ""ko"", ""ja"")"
"저녁의음악회, 바이올리니스트 김재영 X 콜레기움 무지쿰 서울: 바흐 [김해] (4월)","=GOOGLETRANSLATE(A880, ""ko"", ""ja"")"
불편한 편의점 [김해],"=GOOGLETRANSLATE(A881, ""ko"", ""ja"")"
이상웅 단독콘서트: 입춘대길,"=GOOGLETRANSLATE(A882, ""ko"", ""ja"")"
용인어린이상상의숲 월간톡톡 공연놀이터: 늑대야 친구하자 [용인],"=GOOGLETRANSLATE(A883, ""ko"", ""ja"")"
"ACI 키즈 콘서트, 클랩 그림책 콘서트 Ⅴ. 겨울이 지나고 남는 것은?","=GOOGLETRANSLATE(A884, ""ko"", ""ja"")"
"ACI 키즈 콘서트: 클랩 그림책 콘서트 Ⅱ. 호랑이와 한 판, 어때?","=GOOGLETRANSLATE(A885, ""ko"", ""ja"")"
노한솔 피아노 리사이틀: H moll Sonata - A Personal Key,"=GOOGLETRANSLATE(A886, ""ko"", ""ja"")"
"영화의전당 BCC 시네라이브, 11시 영화음악콘서트: 합창으로 듣는 영화음악 [부산] (11월)","=GOOGLETRANSLATE(A887, ""ko"", ""ja"")"
현역가왕3 전국투어 콘서트,"=GOOGLETRANSLATE(A888, ""ko"", ""ja"")"
부산광역시 수영구 수영로 429 (남천동 63) KBS부산방송총국,"=GOOGLETRANSLATE(A889, ""ko"", ""ja"")"
소프라노 서유미 독창회,"=GOOGLETRANSLATE(A890, ""ko"", ""ja"")"
"영화의전당 BCC 시네라이브, 11시 영화음악콘서트: 한국을 대표하는 영화음악작곡가 이명로 [부산] (10월)","=GOOGLETRANSLATE(A891, ""ko"", ""ja"")"
"영화의전당 BCC 시네라이브, 11시 영화음악콘서트: 컨템포러리 필름뮤직 [부산] (9월)","=GOOGLETRANSLATE(A892, ""ko"", ""ja"")"
"어린이 도담도담누리 시리즈, 어디로 가야 하지? [김해]","=GOOGLETRANSLATE(A893, ""ko"", ""ja"")"
"영화의전당 BCC 시네라이브, 11시 영화음악콘서트: 재즈를 담은 영화음악 [부산] (8월)","=GOOGLETRANSLATE(A894, ""ko"", ""ja"")"
"저녁의음악회, 마스터즈 온 첼로 [김해] (12월)","=GOOGLETRANSLATE(A895, ""ko"", ""ja"")"
"저녁의음악회, 박지윤 바이올린 리사이틀 [김해] (10월)","=GOOGLETRANSLATE(A896, ""ko"", ""ja"")"
"영화의전당 BCC 시네라이브, 11시 영화음악콘서트: 사카모토 류이치의 인생은 짧고, 예술은 길다 [부산] (7월)","=GOOGLETRANSLATE(A897, ""ko"", ""ja"")"
오지게 재밌는 가시나들 [김해],"=GOOGLETRANSLATE(A898, ""ko"", ""ja"")"
"영화의전당 BCC 시네라이브, 11시 영화음악콘서트: Film In France [부산] (5월)","=GOOGLETRANSLATE(A899, ""ko"", ""ja"")"
"영화의전당 BCC 시네라이브, 11시 영화음악콘서트: 국악으로 들려주는 지브리 영화음악 OST [부산] (4월)","=GOOGLETRANSLATE(A900, ""ko"", ""ja"")"
"영화의전당 BCC 시네라이브, 11시 영화음악콘서트: 영화로 만나는 아일랜드 이야기 [부산] (3월)","=GOOGLETRANSLATE(A901, ""ko"", ""ja"")"
"ACI 키즈 콘서트, 클랩 그림책 콘서트 Ⅳ. 정말 으스스할까?","=GOOGLETRANSLATE(A902, ""ko"", ""ja"")"
"ACI 키즈 콘서트, 클랩 그림책 콘서트 Ⅰ. 가족과 함께 떠나볼까?","=GOOGLETRANSLATE(A903, ""ko"", ""ja"")"
"서초문화재단 & 서초교향악단 공동기획, 모차르트 피아노 협주곡 전곡 시리즈 4","=GOOGLETRANSLATE(A904, ""ko"", ""ja"")"
"R석 20,000원
S석 15,000원","=GOOGLETRANSLATE(A905, ""ko"", ""ja"")"
어버이날 기념 주현미 孝 콘서트 [거제],"=GOOGLETRANSLATE(A906, ""ko"", ""ja"")"
거제문화예술회관 대극장,"=GOOGLETRANSLATE(A907, ""ko"", ""ja"")"
경남 거제시 장승로 145,"=GOOGLETRANSLATE(A908, ""ko"", ""ja"")"
"R석 77,000원
S석 66,000원
A석 44,000원","=GOOGLETRANSLATE(A909, ""ko"", ""ja"")"
어린이날 맞이 디즈니 & 지브리 & 블록버스터 FESTA,"=GOOGLETRANSLATE(A910, ""ko"", ""ja"")"
"R석 120,000원
S석 100,000원
A석 80,000원
B석 70,000원","=GOOGLETRANSLATE(A911, ""ko"", ""ja"")"
"제84회 을숙도 예술공감, 문학속에 흐르는 클래식 시리즈 2. 마지막 칸타타","=GOOGLETRANSLATE(A912, ""ko"", ""ja"")"
을숙도문화회관 소공연장,"=GOOGLETRANSLATE(A913, ""ko"", ""ja"")"
"목요상설음악회 아트살롱, Dear Mr. Mozart: 친애하는 모차르트씨","=GOOGLETRANSLATE(A914, ""ko"", ""ja"")"
현역가왕3 전국투어 콘서트 [원주],"=GOOGLETRANSLATE(A915, ""ko"", ""ja"")"
댄싱공연장,"=GOOGLETRANSLATE(A916, ""ko"", ""ja"")"
강원도 원주시 단구로 170 (명륜동),"=GOOGLETRANSLATE(A917, ""ko"", ""ja"")"
교보 노블리에 포유콘서트: 상상이 음악이 되는 순간,"=GOOGLETRANSLATE(A918, ""ko"", ""ja"")"
Game Changer Vol.2,"=GOOGLETRANSLATE(A919, ""ko"", ""ja"")"
일러스타스테이지,"=GOOGLETRANSLATE(A920, ""ko"", ""ja"")"
서울특별시 서대문구 연세로 13 (창천동),"=GOOGLETRANSLATE(A921, ""ko"", ""ja"")"
매직키즈 서커스쇼 [인천 남동],"=GOOGLETRANSLATE(A922, ""ko"", ""ja"")"
"커피콘서트 Ⅱ. 앰비규어스댄스컴퍼니, 바디콘서트","=GOOGLETRANSLATE(A923, ""ko"", ""ja"")"
SHIN SEUNG HUN LIMITED EDITION,"=GOOGLETRANSLATE(A924, ""ko"", ""ja"")"
"R석 176,000원
S석 154,000원","=GOOGLETRANSLATE(A925, ""ko"", ""ja"")"
최현우 19+Ⅰ [의정부],"=GOOGLETRANSLATE(A926, ""ko"", ""ja"")"
의정부예술의전당 대극장,"=GOOGLETRANSLATE(A927, ""ko"", ""ja"")"
경기도 의정부시 의정로 1,"=GOOGLETRANSLATE(A928, ""ko"", ""ja"")"
론 브랜튼 솔로 피아노 콘서트: 피아노로 쓰는 시,"=GOOGLETRANSLATE(A929, ""ko"", ""ja"")"
"R석 55,000원
S석 44,000원
A석 33,000원","=GOOGLETRANSLATE(A930, ""ko"", ""ja"")"
백제대향로관 개관 공연 시리즈 Ⅳ. 사랑해 엄마 [부여],"=GOOGLETRANSLATE(A931, ""ko"", ""ja"")"
국립부여박물관 사비마루,"=GOOGLETRANSLATE(A932, ""ko"", ""ja"")"
충남 부여군 부여읍 금성로 5,"=GOOGLETRANSLATE(A933, ""ko"", ""ja"")"
프린세스 캐치! 티니핑 [용인],"=GOOGLETRANSLATE(A934, ""ko"", ""ja"")"
"추억의 낭만 콘서트: 그 시절, 플레이리스트 [울주]","=GOOGLETRANSLATE(A935, ""ko"", ""ja"")"
에그박사: 해적 보물섬의 비밀 [서울 (앵콜) ],"=GOOGLETRANSLATE(A936, ""ko"", ""ja"")"
올림픽공원 우리금융아트홀(역도경기장),"=GOOGLETRANSLATE(A937, ""ko"", ""ja"")"
조항조 전국투어 콘서트: 생각 [이천],"=GOOGLETRANSLATE(A938, ""ko"", ""ja"")"
이천아트홀 대공연장,"=GOOGLETRANSLATE(A939, ""ko"", ""ja"")"
경기 이천시 부악로 40,"=GOOGLETRANSLATE(A940, ""ko"", ""ja"")"
제195회 코리안챔버오케스트라 정기연주회: 소피아 구바이둘리나 메모리얼 콘서트,"=GOOGLETRANSLATE(A941, ""ko"", ""ja"")"
"R석 90,000원
S석 70,000원
A석 40,000원
B석 30,000원","=GOOGLETRANSLATE(A942, ""ko"", ""ja"")"
꼬마박사 장영실 [대학로],"=GOOGLETRANSLATE(A943, ""ko"", ""ja"")"
커다란 방귀,"=GOOGLETRANSLATE(A944, ""ko"", ""ja"")"
무지개 물고기 [김포],"=GOOGLETRANSLATE(A945, ""ko"", ""ja"")"
제53회 한국리스트협회 정기연주회,"=GOOGLETRANSLATE(A946, ""ko"", ""ja"")"
응답하라 군포 1980's: 우리가 청춘이었던 그 봄 [군포],"=GOOGLETRANSLATE(A947, ""ko"", ""ja"")"
양준일 CAKE 콘서트: Life is sweet with you,"=GOOGLETRANSLATE(A948, ""ko"", ""ja"")"
피아니스트 남희정의 슈베르트 소나타 리사이틀,"=GOOGLETRANSLATE(A949, ""ko"", ""ja"")"
폼파돌스 (PompadollS) 라이브 [서울 (앵콜) ],"=GOOGLETRANSLATE(A950, ""ko"", ""ja"")"
봄맞이 3디바 콘서트 [삼척],"=GOOGLETRANSLATE(A951, ""ko"", ""ja"")"
삼척문화예술회관 대공연장,"=GOOGLETRANSLATE(A952, ""ko"", ""ja"")"
강원 삼척시 엑스포로 45,"=GOOGLETRANSLATE(A953, ""ko"", ""ja"")"
브라보 마이 라이프 [전주],"=GOOGLETRANSLATE(A954, ""ko"", ""ja"")"
한해랑아트홀,"=GOOGLETRANSLATE(A955, ""ko"", ""ja"")"
전라북도 전주시 완산구 홍산중앙로 13 (효자동2가),"=GOOGLETRANSLATE(A956, ""ko"", ""ja"")"
뉴욕의 영혼을 연주하다,"=GOOGLETRANSLATE(A957, ""ko"", ""ja"")"
"R석 100,000원
S석 80,000원
A석 60,000원
B석 40,000원
시야방해R 50,000원
시야방해S 40,000원
시야방해A 30,000원
시야방해B 20,000원","=GOOGLETRANSLATE(A958, ""ko"", ""ja"")"
"안산시립합창단 특별기획공연, 안산시립합창단 아카펠라 콘서트: 다! [안산]","=GOOGLETRANSLATE(A959, ""ko"", ""ja"")"
오즈의 마법사 [수원],"=GOOGLETRANSLATE(A960, ""ko"", ""ja"")"
숀 LAST PAGE Band Set 서울 단독 공연,"=GOOGLETRANSLATE(A961, ""ko"", ""ja"")"
신바람 삼대,"=GOOGLETRANSLATE(A962, ""ko"", ""ja"")"
BNK부산은행 조은극장 1관,"=GOOGLETRANSLATE(A963, ""ko"", ""ja"")"
틀려도 괜찮아 [서울 마포],"=GOOGLETRANSLATE(A964, ""ko"", ""ja"")"
하남문화재단 문화가 있는 날 #1 오정희 국악 앙상블: 전통과 현대를 넘나드는 새로운 무대 [하남],"=GOOGLETRANSLATE(A965, ""ko"", ""ja"")"
김유빈 & 디토오케스트라: 디어 아마데우스 [화성],"=GOOGLETRANSLATE(A966, ""ko"", ""ja"")"
화성아트홀,"=GOOGLETRANSLATE(A967, ""ko"", ""ja"")"
경기도 화성시 태안로 145 (병점동),"=GOOGLETRANSLATE(A968, ""ko"", ""ja"")"
pH-1 Concert: HOUSE PARTY,"=GOOGLETRANSLATE(A969, ""ko"", ""ja"")"
"VIP석(스탠딩) 154,000원
R석(스탠딩) 121,000원
R석(지정석) 121,000원","=GOOGLETRANSLATE(A970, ""ko"", ""ja"")"
제22회 서울YMCA 고양국제여성합창단 정기연주회,"=GOOGLETRANSLATE(A971, ""ko"", ""ja"")"
"부산발레시즌, Dear. Ballerina (디어 발레리나)","=GOOGLETRANSLATE(A972, ""ko"", ""ja"")"
오리지널 과학마술콘서트 시즌2 [포항],"=GOOGLETRANSLATE(A973, ""ko"", ""ja"")"
marasy Piano Live Asia Tour 연주회,"=GOOGLETRANSLATE(A974, ""ko"", ""ja"")"
광림아트센터 장천홀,"=GOOGLETRANSLATE(A975, ""ko"", ""ja"")"
서울 강남구 압구정로22길 21,"=GOOGLETRANSLATE(A976, ""ko"", ""ja"")"
"VIP석 143,000원
R석 110,000원
S석 88,000원
A석 66,000원
시야제한석 44,000원","=GOOGLETRANSLATE(A977, ""ko"", ""ja"")"
"살롱클래식, 이은선 & 리즈 문: 포레의 봄","=GOOGLETRANSLATE(A978, ""ko"", ""ja"")"
"문화의날 렉처콘서트, 바이올리니스트 탁보늬 [화성]","=GOOGLETRANSLATE(A979, ""ko"", ""ja"")"
반석아트홀,"=GOOGLETRANSLATE(A980, ""ko"", ""ja"")"
경기도 화성시 노작로 134 (반송동),"=GOOGLETRANSLATE(A981, ""ko"", ""ja"")"
이솔로몬 콘서트: 만발하던 파란 봄,"=GOOGLETRANSLATE(A982, ""ko"", ""ja"")"
노인의 꿈 [화성],"=GOOGLETRANSLATE(A983, ""ko"", ""ja"")"
제219회 성남시립교향악단 정기연주회 [성남],"=GOOGLETRANSLATE(A984, ""ko"", ""ja"")"
"라율아트홀 살롱클래식, L’Aube Quartet (로브 콰르텟) Recital","=GOOGLETRANSLATE(A985, ""ko"", ""ja"")"
구름아 가지마 [김포],"=GOOGLETRANSLATE(A986, ""ko"", ""ja"")"
YEOONE CONCERT: ALL IN YEOONE,"=GOOGLETRANSLATE(A987, ""ko"", ""ja"")"
GB성암아트홀,"=GOOGLETRANSLATE(A988, ""ko"", ""ja"")"
서울특별시 강남구 선릉로111길 6 (논현동),"=GOOGLETRANSLATE(A989, ""ko"", ""ja"")"
"VIP석 153,000원
GENERAL석 121,000원","=GOOGLETRANSLATE(A990, ""ko"", ""ja"")"
"제2회 조아클래스 정기연주회: 봄, Voice Palette: 목소리로 그리는 색채","=GOOGLETRANSLATE(A991, ""ko"", ""ja"")"
한국페스티발앙상블 40주년: 세상에서 가장 편한 음악 [여수],"=GOOGLETRANSLATE(A992, ""ko"", ""ja"")"
"R석 50,000원
S석 30,000원
학생 10,000원","=GOOGLETRANSLATE(A993, ""ko"", ""ja"")"
제4회 앙상블 아띠엠 정기연주회 [성남],"=GOOGLETRANSLATE(A994, ""ko"", ""ja"")"
제48회 허재영 튜바 독주회,"=GOOGLETRANSLATE(A995, ""ko"", ""ja"")"
아기돼지 삼형제 [양주],"=GOOGLETRANSLATE(A996, ""ko"", ""ja"")"
신데렐라 [서울 양천],"=GOOGLETRANSLATE(A997, ""ko"", ""ja"")"
제87회 서울오라토리오 정기연주회: 영혼을 울리는 음악회,"=GOOGLETRANSLATE(A998, ""ko"", ""ja"")"
"숲세권 라이브, 안녕바다 단독 공연: Cosmos","=GOOGLETRANSLATE(A999, ""ko"", ""ja"")"
"현장판매 60,000원
사전예약 50,000원","=GOOGLETRANSLATE(A1000, ""ko"", ""ja"")"
신데렐라 [김포],"=GOOGLETRANSLATE(A1001, ""ko"", ""ja"")"
